nuts_code,description,nuts_level,nuts_version,geocode_regions,geocode_level
HU222,Vas,3,2016,HU222,3
NL34,Zeeland,2,2016,NL34,2
BA,,,,BA,
UKN1,,2,,UKN1,2
TR715,Kirsehir,3,,TR715,3
TRC11,Gaziantep,3,,TRC11,3
TR412,Eskisehir,3,,TR412,3
TR413,Bilecik,3,,TR413,3
NO051,Hordaland,3,,NO051,3
NO052,Sogn og Fjordane,3,,NO052,3
NO053,Møre og Romsdal,3,,NO053,3
NO071,Nordland,3,,NO071,3
NO072,Troms,3,,NO072,3
NO073,Finnmark,3,,NO073,3
NO032,Buskerud,3,,NO032,3
NO042,Vest-Agder,3,,NO042,3
NO033,Vestfold,3,,NO033,3
NO031,Østfold,3,,NO031,3
ME000,Црна Гора,3,,ME000,3
TR721,Kayseri,3,,TR721,3
TR632,Kahramanmaras,3,,TR632,3
TR906,Gümüshane,3,,TR906,3
TRC33,Sirnak,3,,TRC33,3
TR612,Isparta,3,,TR612,3
TRC13,Kilis,3,,TRC13,3
TR723,Yozgat,3,,TR723,3
TRC21,Sanliurfa,3,,TRC21,3
TR622,Içel,3,,TR622,3
TR823,Sinop,3,,TR823,3
TRB22,Mus,3,,TRB22,3
TRB24,Hakkari,3,,TRB24,3
TR221,Balikesir,3,,TR221,3
AL02,Qender,2,,AL02,2
AL03,Jug,2,,AL03,2
AL01,Veri,2,,AL01,2
RS12,Регион Војводине,2,,RS12,2
RS22,Регион Јужне и Источне Србије,2,,RS22,2
RS11,Београдски регион,2,,RS11,2
RS21,Регион Шумадије и Западне Србије,2,,RS21,2
AL0,SHQIPËRIA,1,,AL0,1
RS2,Србија - југ ,1,,RS2,1
RS1,Србија - север ,1,,RS1,1
AL,SHQIPËRIA,0,,AL,0
LI0,Liechtenstein,1,,LI0,1
LI00,Liechtenstein,2,,LI00,2
LI000,Liechtenstein,3,,LI000,3
ITG2?,Sud Sardegna,3,,ITG2?,3
ITH?,Trentino-Alto Adige,2,,ITH?,2
FR2,BASSIN PARISIEN,1,,FR2,1
FR3,NORD - PAS-DE-CALAIS,1,,FR3,1
FR4,EST,1,,FR4,1
FR5,OUEST,1,,FR5,1
FR6,SUD-OUEST,1,,FR6,1
FR7,CENTRE-EST,1,,FR7,1
FR8,MÉDITERRANÉE,1,,FR8,1
FRA,DÉPARTEMENTS D'OUTRE-MER,1,,FRA,1
PL1,REGION CENTRALNY,1,,PL1,1
TR712,Aksaray,3,,TR712,3
TR334,Usak,3,,TR334,3
TRA13,Bayburt,3,,TRA13,3
TRA24,Ardahan,3,,TRA24,3
TR903,Giresun,3,,TR903,3
BG41,Югозападен,2,2016,BG41,2
BG42,Южен централен,2,2016,BG42,2
ES4,CENTRO (ES),1,2016,ES4,1
LU0,LUXEMBOURG,1,2016,LU0,1
PL2,MAKROREGION POŁUDNIOWY,1,2016,PL2,1
PL4,MAKROREGION PÓŁNOCNO-ZACHODNI,1,2016,PL4,1
PL5,MAKROREGION POŁUDNIOWO-ZACHODNI,1,2016,PL5,1
PL6,MAKROREGION PÓŁNOCNY,1,2016,PL6,1
ITC2,Valle d'Aosta / Vallée d'Aoste,2,2016,ITC2,2
CY00,Κύπρος,2,2016,CY00,2
LU00,Luxembourg,2,2016,LU00,2
AT11,Burgenland,2,2016,AT11,2
DE94A,Friesland (DE),3,2016,DE94A,3
DEA16,"Mülheim an der Ruhr, Kreisfreie Stadt",3,2016,DEA16,3
DEB23,Eifelkreis Bitburg-Prüm,3,2016,DEB23,3
DEB24,Vulkaneifel,3,2016,DEB24,3
DEC01,Regionalverband Saarbrücken,3,2016,DEC01,3
DEE08,Burgenlandkreis,3,2016,DEE08,3
DEE0C,Salzlandkreis,3,2016,DEE0C,3
DEZZZ,Extra-Regio NUTS 3,3,2016,DEZZZ,3
ITC20,Valle d'Aosta / Vallée d'Aoste,3,2016,ITC20,3
ITF11,L'Aquila,3,2016,ITF11,3
CY000,Κύπρος,3,2016,CY000,3
LU000,Luxembourg,3,2016,LU000,3
MTZZZ,Extra-Regio NUTS 3,3,2016,MTZZZ,3
FIZZZ,Extra-Regio NUTS 3,3,2016,FIZZZ,3
IEZZ,Extra-Regio NUTS 2,2,2016,IEZZ,2
BG413,Благоевград,3,2016,BG413,3
BG414,Перник,3,2016,BG414,3
BG415,Кюстендил,3,2016,BG415,3
BG421,Пловдив,3,2016,BG421,3
BG422,Хасково,3,2016,BG422,3
BG423,Пазарджик,3,2016,BG423,3
BG425,Кърджали,3,2016,BG425,3
BGZZZ,Extra-Regio NUTS 3,3,2016,BGZZZ,3
CZ063,Kraj Vysočina,3,2016,CZ063,3
DE21E,Landsberg am Lech,3,2016,DE21E,3
IEZ,EXTRA-REGIO NUTS 1,1,2016,IEZ,1
BG341,Бургас,3,2016,BG341,3
BG342,Сливен,3,2016,BG342,3
BG343,Ямбол,3,2016,BG343,3
BG344,Стара Загора,3,2016,BG344,3
BG411,София (столица),3,2016,BG411,3
BG412,София,3,2016,BG412,3
AT12,Niederösterreich,2,2016,AT12,2
AT13,Wien,2,2016,AT13,2
AT21,Kärnten,2,2016,AT21,2
AT22,Steiermark,2,2016,AT22,2
AT31,Oberösterreich,2,2016,AT31,2
AT32,Salzburg,2,2016,AT32,2
AT33,Tirol,2,2016,AT33,2
AT331,Außerfern,3,2016,AT331,3
AT332,Innsbruck,3,2016,AT332,3
AT333,Osttirol,3,2016,AT333,3
AT334,Tiroler Oberland,3,2016,AT334,3
AT335,Tiroler Unterland,3,2016,AT335,3
AT34,Vorarlberg,2,2016,AT34,2
AT341,Bludenz-Bregenzer Wald,3,2016,AT341,3
AT342,Rheintal-Bodenseegebiet,3,2016,AT342,3
BE100,Arr. de Bruxelles-Capitale / Arr. van Brussel-Hoofdstad,3,2016,BE100,3
BE211,Arr. Antwerpen,3,2016,BE211,3
BE212,Arr. Mechelen,3,2016,BE212,3
BE213,Arr. Turnhout,3,2016,BE213,3
BE221,Arr. Hasselt,3,2016,BE221,3
BE222,Arr. Maaseik,3,2016,BE222,3
TRC31,Mardin,3,,TRC31,3
TR613,Burdur,3,,TR613,3
TRC12,Adiyaman,3,,TRC12,3
TR811,Zonguldak,3,,TR811,3
TR822,Çankiri,3,,TR822,3
TR213,Kirklareli,3,,TR213,3
TR333,Kütahya,3,,TR333,3
TRA22,Kars,3,,TRA22,3
TRA23,Igdir,3,,TRA23,3
TR423,Düzce,3,,TR423,3
TRB12,Elazig,3,,TRB12,3
TR711,Kirikkale,3,,TR711,3
TR522,Karaman,3,,TR522,3
TR222,Çanakkale,3,,TR222,3
TRB14,Tunceli,3,,TRB14,3
BG,БЪЛГАРИЯ,,2016,BG,
BE,BELGIQUE-BELGIË,,2016,BE,
BE223,Arr. Tongeren,3,2016,BE223,3
BE231,Arr. Aalst,3,2016,BE231,3
BE232,Arr. Dendermonde,3,2016,BE232,3
BE233,Arr. Eeklo,3,2016,BE233,3
BE234,Arr. Gent,3,2016,BE234,3
BE235,Arr. Oudenaarde,3,2016,BE235,3
BE236,Arr. Sint-Niklaas,3,2016,BE236,3
BE241,Arr. Halle-Vilvoorde,3,2016,BE241,3
BE242,Arr. Leuven,3,2016,BE242,3
BE251,Arr. Brugge,3,2016,BE251,3
BE252,Arr. Diksmuide,3,2016,BE252,3
BE253,Arr. Ieper,3,2016,BE253,3
BE254,Arr. Kortrijk,3,2016,BE254,3
BE255,Arr. Oostende,3,2016,BE255,3
BE256,Arr. Roeselare,3,2016,BE256,3
BE257,Arr. Tielt,3,2016,BE257,3
BE258,Arr. Veurne,3,2016,BE258,3
BE310,Arr. Nivelles,3,2016,BE310,3
BE321,Arr. Ath,3,2016,BE321,3
BE322,Arr. Charleroi,3,2016,BE322,3
BE323,Arr. Mons,3,2016,BE323,3
BE324,Arr. Mouscron,3,2016,BE324,3
BE325,Arr. Soignies,3,2016,BE325,3
BE326,Arr. Thuin,3,2016,BE326,3
BE327,Arr. Tournai,3,2016,BE327,3
BE331,Arr. Huy,3,2016,BE331,3
BE332,Arr. Liège,3,2016,BE332,3
BE334,Arr. Waremme,3,2016,BE334,3
BE335,Arr. Verviers - communes francophones,3,2016,BE335,3
BE336,Bezirk Verviers - Deutschsprachige Gemeinschaft,3,2016,BE336,3
BE341,Arr. Arlon,3,2016,BE341,3
BE342,Arr. Bastogne,3,2016,BE342,3
BE343,Arr. Marche-en-Famenne,3,2016,BE343,3
BE344,Arr. Neufchâteau,3,2016,BE344,3
BE345,Arr. Virton,3,2016,BE345,3
BE351,Arr. Dinant,3,2016,BE351,3
BE352,Arr. Namur,3,2016,BE352,3
BE353,Arr. Philippeville,3,2016,BE353,3
CZ,ČESKÁ REPUBLIKA,,2016,CZ,
CZ01,Praha,2,2016,CZ01,2
CZ010,Hlavní město Praha,3,2016,CZ010,3
CZ02,Střední Čechy,2,2016,CZ02,2
CZ020,Středočeský kraj,3,2016,CZ020,3
CZ03,Jihozápad,2,2016,CZ03,2
CZ031,Jihočeský kraj,3,2016,CZ031,3
CZ032,Plzeňský kraj,3,2016,CZ032,3
CZ04,Severozápad,2,2016,CZ04,2
IE01,"Border, Midland and Western",2,,IE01,2
IE02,Southern and Eastern,2,,IE02,2
FR21,Champagne-Ardenne,2,,FR21,2
FR22,Picardie,2,,FR22,2
FR23,Haute-Normandie,2,,FR23,2
FR24,Centre,2,,FR24,2
FR25,Basse-Normandie,2,,FR25,2
FR26,Bourgogne,2,,FR26,2
FR30,Nord - Pas-de-Calais,2,,FR30,2
FR41,Lorraine,2,,FR41,2
FR42,Alsace,2,,FR42,2
FR43,Franche-Comté,2,,FR43,2
FR51,Pays de la Loire,2,,FR51,2
FR52,Bretagne,2,,FR52,2
FR53,Poitou-Charentes,2,,FR53,2
FR61,Aquitaine,2,,FR61,2
FR62,Midi-Pyrénées,2,,FR62,2
FR63,Limousin,2,,FR63,2
FR71,Rhône-Alpes,2,,FR71,2
FR72,Auvergne,2,,FR72,2
FR81,Languedoc-Roussillon,2,,FR81,2
FR82,Provence-Alpes-Côte d'Azur,2,,FR82,2
FR83,Corse,2,,FR83,2
FRA1,Guadeloupe,2,,FRA1,2
FRA2,Martinique,2,,FRA2,2
FRA3,Guyane,2,,FRA3,2
FRA4,La Réunion,2,,FRA4,2
LT00,Lietuva,2,,LT00,2
HU10,Közép-Magyarország,2,,HU10,2
PL12,Mazowieckie,2,,PL12,2
CZ041,Karlovarský kraj,3,2016,CZ041,3
CZ042,Ústecký kraj,3,2016,CZ042,3
CZ05,Severovýchod,2,2016,CZ05,2
CZ051,Liberecký kraj,3,2016,CZ051,3
CZ052,Královéhradecký kraj,3,2016,CZ052,3
CZ053,Pardubický kraj,3,2016,CZ053,3
CZ06,Jihovýchod,2,2016,CZ06,2
CZ064,Jihomoravský kraj,3,2016,CZ064,3
CZ07,Střední Morava,2,2016,CZ07,2
CZ071,Olomoucký kraj,3,2016,CZ071,3
CZ072,Zlínský kraj,3,2016,CZ072,3
CZ08,Moravskoslezsko,2,2016,CZ08,2
CZ080,Moravskoslezský kraj,3,2016,CZ080,3
DE,DEUTSCHLAND,,2016,DE,
DE11,Stuttgart,2,2016,DE11,2
DE111,"Stuttgart, Stadtkreis",3,2016,DE111,3
DE112,Böblingen,3,2016,DE112,3
DE113,Esslingen,3,2016,DE113,3
DE114,Göppingen,3,2016,DE114,3
DE115,Ludwigsburg,3,2016,DE115,3
DE116,Rems-Murr-Kreis,3,2016,DE116,3
DE117,"Heilbronn, Stadtkreis",3,2016,DE117,3
DE118,"Heilbronn, Landkreis",3,2016,DE118,3
DE119,Hohenlohekreis,3,2016,DE119,3
DE11A,Schwäbisch Hall,3,2016,DE11A,3
DE11B,Main-Tauber-Kreis,3,2016,DE11B,3
DE11C,Heidenheim,3,2016,DE11C,3
DE11D,Ostalbkreis,3,2016,DE11D,3
DE12,Karlsruhe,2,2016,DE12,2
DE121,"Baden-Baden, Stadtkreis",3,2016,DE121,3
DE13,Freiburg,2,2016,DE13,2
DE137,Tuttlingen,3,2016,DE137,3
DE138,Konstanz,3,2016,DE138,3
DE139,Lörrach,3,2016,DE139,3
DE13A,Waldshut,3,2016,DE13A,3
DE14,Tübingen,2,2016,DE14,2
DE141,Reutlingen,3,2016,DE141,3
DE142,"Tübingen, Landkreis",3,2016,DE142,3
DE143,Zollernalbkreis,3,2016,DE143,3
DE144,"Ulm, Stadtkreis",3,2016,DE144,3
DE145,Alb-Donau-Kreis,3,2016,DE145,3
DE146,Biberach,3,2016,DE146,3
DE147,Bodenseekreis,3,2016,DE147,3
DE148,Ravensburg,3,2016,DE148,3
DE149,Sigmaringen,3,2016,DE149,3
DE21,Oberbayern,2,2016,DE21,2
DE211,"Ingolstadt, Kreisfreie Stadt",3,2016,DE211,3
DE212,"München, Kreisfreie Stadt",3,2016,DE212,3
DE213,"Rosenheim, Kreisfreie Stadt",3,2016,DE213,3
DE214,Altötting,3,2016,DE214,3
DE215,Berchtesgadener Land,3,2016,DE215,3
DE216,Bad Tölz-Wolfratshausen,3,2016,DE216,3
DE217,Dachau,3,2016,DE217,3
DE218,Ebersberg,3,2016,DE218,3
DE219,Eichstätt,3,2016,DE219,3
DE21A,Erding,3,2016,DE21A,3
DE21B,Freising,3,2016,DE21B,3
DE21C,Fürstenfeldbruck,3,2016,DE21C,3
DE21D,Garmisch-Partenkirchen,3,2016,DE21D,3
DE21F,Miesbach,3,2016,DE21F,3
DE21G,Mühldorf a. Inn,3,2016,DE21G,3
DE21H,"München, Landkreis",3,2016,DE21H,3
DE21I,Neuburg-Schrobenhausen,3,2016,DE21I,3
DE21J,Pfaffenhofen a. d. Ilm,3,2016,DE21J,3
DE21K,"Rosenheim, Landkreis",3,2016,DE21K,3
DE21L,Starnberg,3,2016,DE21L,3
DE21M,Traunstein,3,2016,DE21M,3
DE21N,Weilheim-Schongau,3,2016,DE21N,3
DE22,Niederbayern,2,2016,DE22,2
DE221,"Landshut, Kreisfreie Stadt",3,2016,DE221,3
DE222,"Passau, Kreisfreie Stadt",3,2016,DE222,3
DE223,"Straubing, Kreisfreie Stadt",3,2016,DE223,3
DE224,Deggendorf,3,2016,DE224,3
DE225,Freyung-Grafenau,3,2016,DE225,3
DE226,Kelheim,3,2016,DE226,3
DE227,"Landshut, Landkreis",3,2016,DE227,3
DE228,"Passau, Landkreis",3,2016,DE228,3
DE229,Regen,3,2016,DE229,3
DE22A,Rottal-Inn,3,2016,DE22A,3
DE22B,Straubing-Bogen,3,2016,DE22B,3
DE22C,Dingolfing-Landau,3,2016,DE22C,3
DE23,Oberpfalz,2,2016,DE23,2
DE231,"Amberg, Kreisfreie Stadt",3,2016,DE231,3
DE232,"Regensburg, Kreisfreie Stadt",3,2016,DE232,3
DE233,"Weiden i. d. Opf, Kreisfreie Stadt",3,2016,DE233,3
DE234,Amberg-Sulzbach,3,2016,DE234,3
DE235,Cham,3,2016,DE235,3
DE236,Neumarkt i. d. OPf.,3,2016,DE236,3
DE237,Neustadt a. d. Waldnaab,3,2016,DE237,3
DE238,"Regensburg, Landkreis",3,2016,DE238,3
DE239,Schwandorf,3,2016,DE239,3
DE24,Oberfranken,2,2016,DE24,2
DE241,"Bamberg, Kreisfreie Stadt",3,2016,DE241,3
DE242,"Bayreuth, Kreisfreie Stadt",3,2016,DE242,3
DE243,"Coburg, Kreisfreie Stadt",3,2016,DE243,3
DE244,"Hof, Kreisfreie Stadt",3,2016,DE244,3
DE245,"Bamberg, Landkreis",3,2016,DE245,3
DE246,"Bayreuth, Landkreis",3,2016,DE246,3
DE247,"Coburg, Landkreis",3,2016,DE247,3
UKK4,Devon,2,2016,UKK4,2
DE248,Forchheim,3,2016,DE248,3
DE249,"Hof, Landkreis",3,2016,DE249,3
DE24A,Kronach,3,2016,DE24A,3
DE24B,Kulmbach,3,2016,DE24B,3
DE24C,Lichtenfels,3,2016,DE24C,3
DE24D,Wunsiedel i. Fichtelgebirge,3,2016,DE24D,3
DE25,Mittelfranken,2,2016,DE25,2
DE251,"Ansbach, Kreisfreie Stadt",3,2016,DE251,3
DE252,"Erlangen, Kreisfreie Stadt",3,2016,DE252,3
DE253,"Fürth, Kreisfreie Stadt",3,2016,DE253,3
DE254,"Nürnberg, Kreisfreie Stadt",3,2016,DE254,3
DE255,"Schwabach, Kreisfreie Stadt",3,2016,DE255,3
DE256,"Ansbach, Landkreis",3,2016,DE256,3
DE257,Erlangen-Höchstadt,3,2016,DE257,3
DE258,"Fürth, Landkreis",3,2016,DE258,3
DE259,Nürnberger Land,3,2016,DE259,3
DE25A,Neustadt a. d. Aisch-Bad Windsheim,3,2016,DE25A,3
DE25B,Roth,3,2016,DE25B,3
DE25C,Weißenburg-Gunzenhausen,3,2016,DE25C,3
DE26,Unterfranken,2,2016,DE26,2
DE261,"Aschaffenburg, Kreisfreie Stadt",3,2016,DE261,3
DE262,"Schweinfurt, Kreisfreie Stadt",3,2016,DE262,3
DE263,"Würzburg, Kreisfreie Stadt",3,2016,DE263,3
DE264,"Aschaffenburg, Landkreis",3,2016,DE264,3
DE265,Bad Kissingen,3,2016,DE265,3
DE266,Rhön-Grabfeld,3,2016,DE266,3
DE267,Haßberge,3,2016,DE267,3
DE268,Kitzingen,3,2016,DE268,3
DE269,Miltenberg,3,2016,DE269,3
DE26A,Main-Spessart,3,2016,DE26A,3
DE26B,"Schweinfurt, Landkreis",3,2016,DE26B,3
DE26C,"Würzburg, Landkreis",3,2016,DE26C,3
DE27,Schwaben,2,2016,DE27,2
DE271,"Augsburg, Kreisfreie Stadt",3,2016,DE271,3
DE272,"Kaufbeuren, Kreisfreie Stadt",3,2016,DE272,3
DE273,"Kempten (Allgäu), Kreisfreie Stadt",3,2016,DE273,3
DE274,"Memmingen, Kreisfreie Stadt",3,2016,DE274,3
DE275,Aichach-Friedberg,3,2016,DE275,3
DE276,"Augsburg, Landkreis",3,2016,DE276,3
DE277,Dillingen a.d. Donau,3,2016,DE277,3
DE278,Günzburg,3,2016,DE278,3
DE279,Neu-Ulm,3,2016,DE279,3
DE27A,Lindau (Bodensee),3,2016,DE27A,3
DE27B,Ostallgäu,3,2016,DE27B,3
DE27C,Unterallgäu,3,2016,DE27C,3
DE27D,Donau-Ries,3,2016,DE27D,3
DE27E,Oberallgäu,3,2016,DE27E,3
DE30,Berlin,2,2016,DE30,2
DE300,Berlin,3,2016,DE300,3
DE50,Bremen,2,2016,DE50,2
DE501,"Bremen, Kreisfreie Stadt",3,2016,DE501,3
DE502,"Bremerhaven, Kreisfreie Stadt",3,2016,DE502,3
DE60,Hamburg,2,2016,DE60,2
DE600,Hamburg,3,2016,DE600,3
DE71,Darmstadt,2,2016,DE71,2
DE711,"Darmstadt, Kreisfreie Stadt",3,2016,DE711,3
DE712,"Frankfurt am Main, Kreisfreie Stadt",3,2016,DE712,3
DE713,"Offenbach am Main, Kreisfreie Stadt",3,2016,DE713,3
DE714,"Wiesbaden, Kreisfreie Stadt",3,2016,DE714,3
DE715,Bergstraße,3,2016,DE715,3
DE716,Darmstadt-Dieburg,3,2016,DE716,3
DE717,Groß-Gerau,3,2016,DE717,3
DE718,Hochtaunuskreis,3,2016,DE718,3
DE719,Main-Kinzig-Kreis,3,2016,DE719,3
DE71A,Main-Taunus-Kreis,3,2016,DE71A,3
DE71B,Odenwaldkreis,3,2016,DE71B,3
DE71C,"Offenbach, Landkreis",3,2016,DE71C,3
DE71D,Rheingau-Taunus-Kreis,3,2016,DE71D,3
DE71E,Wetteraukreis,3,2016,DE71E,3
DE72,Gießen,2,2016,DE72,2
DE721,"Gießen, Landkreis",3,2016,DE721,3
DE722,Lahn-Dill-Kreis,3,2016,DE722,3
DE723,Limburg-Weilburg,3,2016,DE723,3
DE724,Marburg-Biedenkopf,3,2016,DE724,3
DE725,Vogelsbergkreis,3,2016,DE725,3
DE73,Kassel,2,2016,DE73,2
DE731,"Kassel, Kreisfreie Stadt",3,2016,DE731,3
DE732,Fulda,3,2016,DE732,3
DE733,Hersfeld-Rotenburg,3,2016,DE733,3
DE734,"Kassel, Landkreis",3,2016,DE734,3
DE735,Schwalm-Eder-Kreis,3,2016,DE735,3
DE736,Waldeck-Frankenberg,3,2016,DE736,3
DE737,Werra-Meißner-Kreis,3,2016,DE737,3
DE80,Mecklenburg-Vorpommern,2,2016,DE80,2
DE803,"Rostock, Kreisfreie Stadt",3,2016,DE803,3
DE804,"Schwerin, Kreisfreie Stadt",3,2016,DE804,3
DE91,Braunschweig,2,2016,DE91,2
DE911,"Braunschweig, Kreisfreie Stadt",3,2016,DE911,3
DE912,"Salzgitter, Kreisfreie Stadt",3,2016,DE912,3
DE913,"Wolfsburg, Kreisfreie Stadt",3,2016,DE913,3
DE914,Gifhorn,3,2016,DE914,3
DE916,Goslar,3,2016,DE916,3
DE917,Helmstedt,3,2016,DE917,3
DE918,Northeim,3,2016,DE918,3
DE91A,Peine,3,2016,DE91A,3
DE91B,Wolfenbüttel,3,2016,DE91B,3
DE92,Hannover,2,2016,DE92,2
DE922,Diepholz,3,2016,DE922,3
DE923,Hameln-Pyrmont,3,2016,DE923,3
DE925,Hildesheim,3,2016,DE925,3
DE926,Holzminden,3,2016,DE926,3
DE93,Lüneburg,2,2016,DE93,2
DE93B,Verden,3,2016,DE93B,3
DE94,Weser-Ems,2,2016,DE94,2
DE941,"Delmenhorst, Kreisfreie Stadt",3,2016,DE941,3
DE942,"Emden, Kreisfreie Stadt",3,2016,DE942,3
CY,ΚΥΠΡΟΣ,,2016,CY,
DE943,"Oldenburg (Oldenburg), Kreisfreie Stadt",3,2016,DE943,3
DE944,"Osnabrück, Kreisfreie Stadt",3,2016,DE944,3
DE945,"Wilhelmshaven, Kreisfreie Stadt",3,2016,DE945,3
DE946,Ammerland,3,2016,DE946,3
DE947,Aurich,3,2016,DE947,3
DE948,Cloppenburg,3,2016,DE948,3
DE949,Emsland,3,2016,DE949,3
DE94B,Grafschaft Bentheim,3,2016,DE94B,3
DE94C,Leer,3,2016,DE94C,3
DE94D,"Oldenburg, Landkreis",3,2016,DE94D,3
DE94E,"Osnabrück, Landkreis",3,2016,DE94E,3
DE94F,Vechta,3,2016,DE94F,3
DE94G,Wesermarsch,3,2016,DE94G,3
DE94H,Wittmund,3,2016,DE94H,3
DEA1,Düsseldorf,2,2016,DEA1,2
DEA11,"Düsseldorf, Kreisfreie Stadt",3,2016,DEA11,3
DEA12,"Duisburg, Kreisfreie Stadt",3,2016,DEA12,3
DEA13,"Essen, Kreisfreie Stadt",3,2016,DEA13,3
DEA14,"Krefeld, Kreisfreie Stadt",3,2016,DEA14,3
DEA15,"Mönchengladbach, Kreisfreie Stadt",3,2016,DEA15,3
DEB3K,Südwestpfalz,3,2016,DEB3K,3
DEA17,"Oberhausen, Kreisfreie Stadt",3,2016,DEA17,3
DEA18,"Remscheid, Kreisfreie Stadt",3,2016,DEA18,3
DEA19,"Solingen, Kreisfreie Stadt",3,2016,DEA19,3
DEA1A,"Wuppertal, Kreisfreie Stadt",3,2016,DEA1A,3
DEA1B,Kleve,3,2016,DEA1B,3
DEA1C,Mettmann,3,2016,DEA1C,3
DEA1D,Rhein-Kreis Neuss,3,2016,DEA1D,3
DEA1E,Viersen,3,2016,DEA1E,3
DEA1F,Wesel,3,2016,DEA1F,3
DEA2,Köln,2,2016,DEA2,2
DEA22,"Bonn, Kreisfreie Stadt",3,2016,DEA22,3
DEA23,"Köln, Kreisfreie Stadt",3,2016,DEA23,3
DEA24,"Leverkusen, Kreisfreie Stadt",3,2016,DEA24,3
DEA26,Düren,3,2016,DEA26,3
DEA27,Rhein-Erft-Kreis,3,2016,DEA27,3
DEA28,Euskirchen,3,2016,DEA28,3
DEA29,Heinsberg,3,2016,DEA29,3
DEA2A,Oberbergischer Kreis,3,2016,DEA2A,3
DEA2B,Rheinisch-Bergischer Kreis,3,2016,DEA2B,3
DEA2C,Rhein-Sieg-Kreis,3,2016,DEA2C,3
DEA3,Münster,2,2016,DEA3,2
DEA31,"Bottrop, Kreisfreie Stadt",3,2016,DEA31,3
DEA32,"Gelsenkirchen, Kreisfreie Stadt",3,2016,DEA32,3
DEA33,"Münster, Kreisfreie Stadt",3,2016,DEA33,3
DEA34,Borken,3,2016,DEA34,3
DEA35,Coesfeld,3,2016,DEA35,3
DEA36,Recklinghausen,3,2016,DEA36,3
DEA37,Steinfurt,3,2016,DEA37,3
DEA38,Warendorf,3,2016,DEA38,3
DEA4,Detmold,2,2016,DEA4,2
DEA41,"Bielefeld, Kreisfreie Stadt",3,2016,DEA41,3
DEA42,Gütersloh,3,2016,DEA42,3
DEA43,Herford,3,2016,DEA43,3
DEA44,Höxter,3,2016,DEA44,3
DEA45,Lippe,3,2016,DEA45,3
DEA46,Minden-Lübbecke,3,2016,DEA46,3
DEA47,Paderborn,3,2016,DEA47,3
DEA5,Arnsberg,2,2016,DEA5,2
DEA51,"Bochum, Kreisfreie Stadt",3,2016,DEA51,3
DEA52,"Dortmund, Kreisfreie Stadt",3,2016,DEA52,3
DEA53,"Hagen, Kreisfreie Stadt",3,2016,DEA53,3
DEA54,"Hamm, Kreisfreie Stadt",3,2016,DEA54,3
DEA55,"Herne, Kreisfreie Stadt",3,2016,DEA55,3
DEA56,Ennepe-Ruhr-Kreis,3,2016,DEA56,3
DEA57,Hochsauerlandkreis,3,2016,DEA57,3
DEA58,Märkischer Kreis,3,2016,DEA58,3
DEA59,Olpe,3,2016,DEA59,3
DEA5A,Siegen-Wittgenstein,3,2016,DEA5A,3
DEA5B,Soest,3,2016,DEA5B,3
DEA5C,Unna,3,2016,DEA5C,3
DEB1,Koblenz,2,2016,DEB1,2
DEB11,"Koblenz, Kreisfreie Stadt",3,2016,DEB11,3
DEB12,Ahrweiler,3,2016,DEB12,3
DEB13,Altenkirchen (Westerwald),3,2016,DEB13,3
DEB14,Bad Kreuznach,3,2016,DEB14,3
DEB15,Birkenfeld,3,2016,DEB15,3
DEB17,Mayen-Koblenz,3,2016,DEB17,3
DEB18,Neuwied,3,2016,DEB18,3
DEB1A,Rhein-Lahn-Kreis,3,2016,DEB1A,3
DEB1B,Westerwaldkreis,3,2016,DEB1B,3
DEB2,Trier,2,2016,DEB2,2
DEB21,"Trier, Kreisfreie Stadt",3,2016,DEB21,3
DEB22,Bernkastel-Wittlich,3,2016,DEB22,3
DEB25,Trier-Saarburg,3,2016,DEB25,3
DEB3,Rheinhessen-Pfalz,2,2016,DEB3,2
DEB31,"Frankenthal (Pfalz), Kreisfreie Stadt",3,2016,DEB31,3
DEB32,"Kaiserslautern, Kreisfreie Stadt",3,2016,DEB32,3
DEB33,"Landau in der Pfalz, Kreisfreie Stadt",3,2016,DEB33,3
DEB34,"Ludwigshafen am Rhein, Kreisfreie Stadt",3,2016,DEB34,3
DEB35,"Mainz, Kreisfreie Stadt",3,2016,DEB35,3
DEB36,"Neustadt an der Weinstraße, Kreisfreie Stadt",3,2016,DEB36,3
DEB37,"Pirmasens, Kreisfreie Stadt",3,2016,DEB37,3
DEB38,"Speyer, Kreisfreie Stadt",3,2016,DEB38,3
DEB39,"Worms, Kreisfreie Stadt",3,2016,DEB39,3
DEB3A,"Zweibrücken, Kreisfreie Stadt",3,2016,DEB3A,3
DEB3B,Alzey-Worms,3,2016,DEB3B,3
DEB3C,Bad Dürkheim,3,2016,DEB3C,3
DEB3D,Donnersbergkreis,3,2016,DEB3D,3
DEB3E,Germersheim,3,2016,DEB3E,3
DEB3F,"Kaiserslautern, Landkreis",3,2016,DEB3F,3
DEB3G,Kusel,3,2016,DEB3G,3
HU,MAGYARORSZÁG,,2016,HU,
PL,POLSKA,,2016,PL,
AT,ÖSTERREICH,,2016,AT,
DEB3H,Südliche Weinstraße,3,2016,DEB3H,3
DEB3I,Rhein-Pfalz-Kreis,3,2016,DEB3I,3
DEB3J,Mainz-Bingen,3,2016,DEB3J,3
DEC0,Saarland,2,2016,DEC0,2
DEC02,Merzig-Wadern,3,2016,DEC02,3
DEC03,Neunkirchen,3,2016,DEC03,3
DEC04,Saarlouis,3,2016,DEC04,3
DEC05,Saarpfalz-Kreis,3,2016,DEC05,3
DEC06,St. Wendel,3,2016,DEC06,3
DED2,Dresden,2,2016,DED2,2
DED21,"Dresden, Kreisfreie Stadt",3,2016,DED21,3
DEE0,Sachsen-Anhalt,2,2016,DEE0,2
DEE01,"Dessau-Roßlau, Kreisfreie Stadt",3,2016,DEE01,3
DEE02,"Halle (Saale), Kreisfreie Stadt",3,2016,DEE02,3
DEE03,"Magdeburg, Kreisfreie Stadt",3,2016,DEE03,3
DEE04,Altmarkkreis Salzwedel,3,2016,DEE04,3
DEE05,Anhalt-Bitterfeld,3,2016,DEE05,3
DEE06,Jerichower Land,3,2016,DEE06,3
DEE07,Börde,3,2016,DEE07,3
DEE09,Harz,3,2016,DEE09,3
DEE0A,Mansfeld-Südharz,3,2016,DEE0A,3
DEE0B,Saalekreis,3,2016,DEE0B,3
DEE0D,Stendal,3,2016,DEE0D,3
DEE0E,Wittenberg,3,2016,DEE0E,3
DEF0,Schleswig-Holstein,2,2016,DEF0,2
DEF01,"Flensburg, Kreisfreie Stadt",3,2016,DEF01,3
DEF02,"Kiel, Kreisfreie Stadt",3,2016,DEF02,3
DEF03,"Lübeck, Kreisfreie Stadt",3,2016,DEF03,3
DEF04,"Neumünster, Kreisfreie Stadt",3,2016,DEF04,3
DEF05,Dithmarschen,3,2016,DEF05,3
DEF06,Herzogtum Lauenburg,3,2016,DEF06,3
DEF07,Nordfriesland,3,2016,DEF07,3
DEF08,Ostholstein,3,2016,DEF08,3
DEF09,Pinneberg,3,2016,DEF09,3
DEF0A,Plön,3,2016,DEF0A,3
DEF0B,Rendsburg-Eckernförde,3,2016,DEF0B,3
DEF0C,Schleswig-Flensburg,3,2016,DEF0C,3
DEF0D,Segeberg,3,2016,DEF0D,3
DEF0E,Steinburg,3,2016,DEF0E,3
DEF0F,Stormarn,3,2016,DEF0F,3
DEG0,Thüringen,2,2016,DEG0,2
DEG01,"Erfurt, Kreisfreie Stadt",3,2016,DEG01,3
DEG02,"Gera, Kreisfreie Stadt",3,2016,DEG02,3
DEG03,"Jena, Kreisfreie Stadt",3,2016,DEG03,3
DEG04,"Suhl, Kreisfreie Stadt",3,2016,DEG04,3
DEG05,"Weimar, Kreisfreie Stadt",3,2016,DEG05,3
DEG06,Eichsfeld,3,2016,DEG06,3
DEG07,Nordhausen,3,2016,DEG07,3
DEG09,Unstrut-Hainich-Kreis,3,2016,DEG09,3
DEG0A,Kyffhäuserkreis,3,2016,DEG0A,3
DEG0B,Schmalkalden-Meiningen,3,2016,DEG0B,3
DEG0C,Gotha,3,2016,DEG0C,3
DEG0D,Sömmerda,3,2016,DEG0D,3
DEG0E,Hildburghausen,3,2016,DEG0E,3
DEG0F,Ilm-Kreis,3,2016,DEG0F,3
DEG0G,Weimarer Land,3,2016,DEG0G,3
DEG0H,Sonneberg,3,2016,DEG0H,3
DEG0I,Saalfeld-Rudolstadt,3,2016,DEG0I,3
DEG0J,Saale-Holzland-Kreis,3,2016,DEG0J,3
DEG0K,Saale-Orla-Kreis,3,2016,DEG0K,3
DEG0L,Greiz,3,2016,DEG0L,3
DEG0M,Altenburger Land,3,2016,DEG0M,3
DEG0N,"Eisenach, Kreisfreie Stadt",3,2016,DEG0N,3
DEG0P,Wartburgkreis,3,2016,DEG0P,3
DK,DANMARK,,2016,DK,
DK01,Hovedstaden,2,2016,DK01,2
DK02,Sjælland,2,2016,DK02,2
DK03,Syddanmark,2,2016,DK03,2
DK04,Midtjylland,2,2016,DK04,2
DK05,Nordjylland,2,2016,DK05,2
EE,EESTI,,2016,EE,
EE00,Eesti,2,2016,EE00,2
ES,ESPAÑA,,2016,ES,
ES1,NOROESTE,1,2016,ES1,1
ES11,Galicia,2,2016,ES11,2
ES12,Principado de Asturias,2,2016,ES12,2
ES13,Cantabria,2,2016,ES13,2
ES2,NORESTE,1,2016,ES2,1
ES21,País Vasco,2,2016,ES21,2
ES22,Comunidad Foral de Navarra,2,2016,ES22,2
ES23,La Rioja,2,2016,ES23,2
ES24,Aragón,2,2016,ES24,2
ES3,COMUNIDAD DE MADRID,1,2016,ES3,1
ES30,Comunidad de Madrid,2,2016,ES30,2
ES41,Castilla y León,2,2016,ES41,2
ES42,Castilla-La Mancha,2,2016,ES42,2
ES43,Extremadura,2,2016,ES43,2
ES5,ESTE,1,2016,ES5,1
ES51,Cataluña,2,2016,ES51,2
ES511,Barcelona,3,2016,ES511,3
ES512,Girona,3,2016,ES512,3
ES513,Lleida,3,2016,ES513,3
ES514,Tarragona,3,2016,ES514,3
ES52,Comunidad Valenciana,2,2016,ES52,2
ES521,Alicante / Alacant,3,2016,ES521,3
ES522,Castellón / Castelló,3,2016,ES522,3
ES523,Valencia / València,3,2016,ES523,3
ES53,Illes Balears,2,2016,ES53,2
ES531,Eivissa y Formentera,3,2016,ES531,3
ES532,Mallorca,3,2016,ES532,3
ES533,Menorca,3,2016,ES533,3
ES6,SUR,1,2016,ES6,1
ES61,Andalucía,2,2016,ES61,2
ES611,Almería,3,2016,ES611,3
ES612,Cádiz,3,2016,ES612,3
ES613,Córdoba,3,2016,ES613,3
ES614,Granada,3,2016,ES614,3
ES615,Huelva,3,2016,ES615,3
NL326,Groot-Amsterdam,3,,NL326,3
TR633,Osmaniye,3,,TR633,3
TR714,Nevsehir,3,,TR714,3
TR904,Rize,3,,TR904,3
TR905,Artvin,3,,TR905,3
TRC34,Siirt,3,,TRC34,3
TR833,Çorum,3,,TR833,3
TR834,Amasya,3,,TR834,3
TRC22,Diyarbakir,3,,TRC22,3
TRC32,Batman,3,,TRC32,3
TR813,Bartin,3,,TR813,3
TR722,Sivas,3,,TR722,3
TR821,Kastamonu,3,,TR821,3
TRB23,Bitlis,3,,TRB23,3
TR212,Edirne,3,,TR212,3
TR332,Afyon,3,,TR332,3
TRA12,Erzincan,3,,TRA12,3
TRA21,Agri,3,,TRA21,3
TRB13,Bingöl,3,,TRB13,3
DE23A,Tirschenreuth,3,2016,DE23A,3
DE915,Göttingen,3,,DE915,3
DE919,Osterode am Harz,3,,DE919,3
DEB16,Cochem-Zell,3,,DEB16,3
DEB19,Rhein-Hunsrück-Kreis,3,,DEB19,3
FR211,Ardennes,3,,FR211,3
FR212,Aube,3,,FR212,3
FR213,Marne,3,,FR213,3
FR214,Haute-Marne,3,,FR214,3
FR221,Aisne,3,,FR221,3
FR222,Oise,3,,FR222,3
FR223,Somme,3,,FR223,3
FR231,Eure,3,,FR231,3
FR232,Seine-Maritime,3,,FR232,3
FR241,Cher,3,,FR241,3
FR242,Eure-et-Loir,3,,FR242,3
FR243,Indre,3,,FR243,3
FR244,Indre-et-Loire,3,,FR244,3
FR245,Loir-et-Cher,3,,FR245,3
FR246,Loiret,3,,FR246,3
FR251,Calvados,3,,FR251,3
FR252,Manche,3,,FR252,3
FR253,Orne,3,,FR253,3
FR261,Côte-d'Or,3,,FR261,3
FR262,Nièvre,3,,FR262,3
FR263,Saône-et-Loire,3,,FR263,3
FR264,Yonne,3,,FR264,3
FR301,Nord,3,,FR301,3
FR302,Pas-de-Calais,3,,FR302,3
FR411,Meurthe-et-Moselle,3,,FR411,3
FR412,Meuse,3,,FR412,3
FR413,Moselle,3,,FR413,3
FR414,Vosges,3,,FR414,3
FR421,Bas-Rhin,3,,FR421,3
FR422,Haut-Rhin,3,,FR422,3
FR431,Doubs,3,,FR431,3
FR432,Jura,3,,FR432,3
FR433,Haute-Saône,3,,FR433,3
FR434,Territoire de Belfort,3,,FR434,3
FR511,Loire-Atlantique,3,,FR511,3
FR512,Maine-et-Loire,3,,FR512,3
FR513,Mayenne,3,,FR513,3
FR514,Sarthe,3,,FR514,3
FR826,Vaucluse,3,,FR826,3
FR831,Corse-du-Sud,3,,FR831,3
FR832,Haute-Corse,3,,FR832,3
LT001,Alytaus apskritis,3,,LT001,3
LT002,Kauno apskritis,3,,LT002,3
LT003,Klaipėdos apskritis,3,,LT003,3
LT004,Marijampolės apskritis,3,,LT004,3
LT005,Panevėžio apskritis,3,,LT005,3
LT006,Šiaulių apskritis,3,,LT006,3
LT007,Tauragės apskritis,3,,LT007,3
LT008,Telšių apskritis,3,,LT008,3
LT009,Utenos apskritis,3,,LT009,3
LT00A,Vilniaus apskritis,3,,LT00A,3
HU101,Budapest,3,,HU101,3
HU102,Pest,3,,HU102,3
NL121,Noord-Friesland,3,,NL121,3
NL122,Zuidwest-Friesland,3,,NL122,3
NL123,Zuidoost-Friesland,3,,NL123,3
NL322,Alkmaar en omgeving,3,,NL322,3
NL338,Oost-Zuid-Holland,3,,NL338,3
NL339,Groot-Rijnmond,3,,NL339,3
PL127,Miasto Warszawa,3,,PL127,3
PL128,Radomski,3,,PL128,3
PL129,Warszawski wschodni,3,,PL129,3
PL12A,Warszawski zachodni,3,,PL12A,3
FI1D4,Kainuu,3,,FI1D4,3
FI1D6,Pohjois-Pohjanmaa,3,,FI1D6,3
UKN01,Belfast,3,,UKN01,3
UKN02,Outer Belfast,3,,UKN02,3
UKN03,East of Northern Ireland,3,,UKN03,3
UKN04,North of Northern Ireland,3,,UKN04,3
UKN05,West and South of Northern Ireland,3,,UKN05,3
ES616,Jaén,3,2016,ES616,3
ES617,Málaga,3,2016,ES617,3
ES618,Sevilla,3,2016,ES618,3
ES62,Región de Murcia,2,2016,ES62,2
ES620,Murcia,3,2016,ES620,3
ES63,Ciudad Autónoma de Ceuta,2,2016,ES63,2
ES64,Ciudad Autónoma de Melilla,2,2016,ES64,2
ES7,CANARIAS,1,2016,ES7,1
ES70,Canarias,2,2016,ES70,2
ES704,Fuerteventura,3,2016,ES704,3
ES705,Gran Canaria,3,2016,ES705,3
ES707,La Palma,3,2016,ES707,3
ES708,Lanzarote,3,2016,ES708,3
ES709,Tenerife,3,2016,ES709,3
FI,SUOMI / FINLAND,,2016,FI,
FI1,MANNER-SUOMI,1,2016,FI1,1
FI19,Länsi-Suomi,2,2016,FI19,2
FI193,Keski-Suomi,3,2016,FI193,3
FI194,Etelä-Pohjanmaa,3,2016,FI194,3
FI195,Pohjanmaa,3,2016,FI195,3
FI196,Satakunta,3,2016,FI196,3
FI197,Pirkanmaa,3,2016,FI197,3
ITF61,Cosenza,3,2016,ITF61,3
FI2,ÅLAND,1,2016,FI2,1
FI20,Åland,2,2016,FI20,2
FI200,Åland,3,2016,FI200,3
FR,FRANCE,,2016,FR,
FR1,ÎLE DE FRANCE,1,2016,FR1,1
FR10,Île de France,2,2016,FR10,2
FR101,Paris,3,2016,FR101,3
FR102,Seine-et-Marne,3,2016,FR102,3
FR103,Yvelines,3,2016,FR103,3
FR104,Essonne,3,2016,FR104,3
FR105,Hauts-de-Seine,3,2016,FR105,3
FR106,Seine-Saint-Denis,3,2016,FR106,3
FR107,Val-de-Marne,3,2016,FR107,3
FR108,Val-d'Oise,3,2016,FR108,3
ITF62,Crotone,3,2016,ITF62,3
HR,HRVATSKA,,2016,HR,
HR0,HRVATSKA,1,2016,HR0,1
HR03,Jadranska Hrvatska,2,2016,HR03,2
HR031,Primorsko-goranska županija,3,2016,HR031,3
HR033,Zadarska županija,3,2016,HR033,3
HR034,Šibensko-kninska županija,3,2016,HR034,3
HU1,KÖZÉP-MAGYARORSZÁG,1,2016,HU1,1
HU2,DUNÁNTÚL,1,2016,HU2,1
HU21,Közép-Dunántúl,2,2016,HU21,2
HU211,Fejér,3,2016,HU211,3
HU212,Komárom-Esztergom,3,2016,HU212,3
HU213,Veszprém,3,2016,HU213,3
HU22,Nyugat-Dunántúl,2,2016,HU22,2
HU221,Győr-Moson-Sopron,3,2016,HU221,3
HU223,Zala,3,2016,HU223,3
HU23,Dél-Dunántúl,2,2016,HU23,2
HU231,Baranya,3,2016,HU231,3
HU232,Somogy,3,2016,HU232,3
HU233,Tolna,3,2016,HU233,3
HU3,ALFÖLD ÉS ÉSZAK,1,2016,HU3,1
HU31,Észak-Magyarország,2,2016,HU31,2
HU311,Borsod-Abaúj-Zemplén,3,2016,HU311,3
HU312,Heves,3,2016,HU312,3
HU313,Nógrád,3,2016,HU313,3
HU32,Észak-Alföld,2,2016,HU32,2
HU321,Hajdú-Bihar,3,2016,HU321,3
HU322,Jász-Nagykun-Szolnok,3,2016,HU322,3
HU323,Szabolcs-Szatmár-Bereg,3,2016,HU323,3
HU33,Dél-Alföld,2,2016,HU33,2
HU331,Bács-Kiskun,3,2016,HU331,3
HU332,Békés,3,2016,HU332,3
HU333,Csongrád,3,2016,HU333,3
IE,IRELAND,,2016,IE,
IE0,IRELAND,1,2016,IE0,1
IT,ITALIA,,2016,IT,
ITC,NORD-OVEST,1,2016,ITC,1
ITC1,Piemonte,2,2016,ITC1,2
ITC18,Alessandria,3,2016,ITC18,3
ITC3,Liguria,2,2016,ITC3,2
ITC31,Imperia,3,2016,ITC31,3
ITC32,Savona,3,2016,ITC32,3
ITC33,Genova,3,2016,ITC33,3
ITC34,La Spezia,3,2016,ITC34,3
ITC4,Lombardia,2,2016,ITC4,2
ITC41,Varese,3,2016,ITC41,3
ITC42,Como,3,2016,ITC42,3
ITC43,Lecco,3,2016,ITC43,3
ITC44,Sondrio,3,2016,ITC44,3
ITC46,Bergamo,3,2016,ITC46,3
ITC47,Brescia,3,2016,ITC47,3
ITC48,Pavia,3,2016,ITC48,3
ITC49,Lodi,3,2016,ITC49,3
ITC4A,Cremona,3,2016,ITC4A,3
ITC4B,Mantova,3,2016,ITC4B,3
ITF,SUD,1,2016,ITF,1
ITF1,Abruzzo,2,2016,ITF1,2
ITF12,Teramo,3,2016,ITF12,3
ITF13,Pescara,3,2016,ITF13,3
ITF14,Chieti,3,2016,ITF14,3
ITF2,Molise,2,2016,ITF2,2
ITF21,Isernia,3,2016,ITF21,3
ITF22,Campobasso,3,2016,ITF22,3
ITF3,Campania,2,2016,ITF3,2
ITF31,Caserta,3,2016,ITF31,3
ITF32,Benevento,3,2016,ITF32,3
ITF33,Napoli,3,2016,ITF33,3
ITF34,Avellino,3,2016,ITF34,3
ITF35,Salerno,3,2016,ITF35,3
ITF4,Puglia,2,2016,ITF4,2
ITF43,Taranto,3,2016,ITF43,3
ITF44,Brindisi,3,2016,ITF44,3
ITF45,Lecce,3,2016,ITF45,3
ITF5,Basilicata,2,2016,ITF5,2
ITF51,Potenza,3,2016,ITF51,3
ITF52,Matera,3,2016,ITF52,3
ITF6,Calabria,2,2016,ITF6,2
ITF63,Catanzaro,3,2016,ITF63,3
ITF64,Vibo Valentia,3,2016,ITF64,3
ITF65,Reggio di Calabria,3,2016,ITF65,3
ITG,ISOLE,1,2016,ITG,1
ITG1,Sicilia,2,2016,ITG1,2
ITG11,Trapani,3,2016,ITG11,3
ITG12,Palermo,3,2016,ITG12,3
ITG13,Messina,3,2016,ITG13,3
ITG14,Agrigento,3,2016,ITG14,3
ITG15,Caltanissetta,3,2016,ITG15,3
ITG16,Enna,3,2016,ITG16,3
ITG17,Catania,3,2016,ITG17,3
ITG18,Ragusa,3,2016,ITG18,3
ITG19,Siracusa,3,2016,ITG19,3
ITG2,Sardegna,2,2016,ITG2,2
ITG25,Sassari,3,2016,ITG25,3
ITG26,Nuoro,3,2016,ITG26,3
ITG27,Cagliari,3,2016,ITG27,3
ITG28,Oristano,3,2016,ITG28,3
ITG29,Olbia-Tempio,3,2016,ITG29,3
ITG2A,Ogliastra,3,2016,ITG2A,3
ITG2B,Medio Campidano,3,2016,ITG2B,3
ITG2C,Carbonia-Iglesias,3,2016,ITG2C,3
LT,LIETUVA,,2016,LT,
LT0,LIETUVA,1,2016,LT0,1
LU,LUXEMBOURG,,2016,LU,
LV,LATVIJA,,2016,LV,
LV0,LATVIJA,1,2016,LV0,1
LV00,Latvija,2,2016,LV00,2
LV003,Kurzeme,3,2016,LV003,3
LV005,Latgale,3,2016,LV005,3
LV006,Rīga,3,2016,LV006,3
LV007,Pierīga,3,2016,LV007,3
LV008,Vidzeme,3,2016,LV008,3
LV009,Zemgale,3,2016,LV009,3
MT,MALTA,,2016,MT,
MT0,MALTA,1,2016,MT0,1
MT00,Malta,2,2016,MT00,2
MT001,Malta,3,2016,MT001,3
MT002,Gozo and Comino / Għawdex u Kemmuna,3,2016,MT002,3
NL,NEDERLAND,,2016,NL,
NL1,NOORD-NEDERLAND,1,2016,NL1,1
NL11,Groningen,2,2016,NL11,2
NL111,Oost-Groningen,3,2016,NL111,3
NL112,Delfzijl en omgeving,3,2016,NL112,3
NL113,Overig Groningen,3,2016,NL113,3
NL12,Friesland (NL),2,2016,NL12,2
NL13,Drenthe,2,2016,NL13,2
NL131,Noord-Drenthe,3,2016,NL131,3
NL132,Zuidoost-Drenthe,3,2016,NL132,3
NL133,Zuidwest-Drenthe,3,2016,NL133,3
NL2,OOST-NEDERLAND,1,2016,NL2,1
NL21,Overijssel,2,2016,NL21,2
NL211,Noord-Overijssel,3,2016,NL211,3
NL212,Zuidwest-Overijssel,3,2016,NL212,3
NL213,Twente,3,2016,NL213,3
NL22,Gelderland,2,2016,NL22,2
NL221,Veluwe,3,2016,NL221,3
NL224,Zuidwest-Gelderland,3,2016,NL224,3
NL225,Achterhoek,3,2016,NL225,3
NL226,Arnhem/Nijmegen,3,2016,NL226,3
NL23,Flevoland,2,2016,NL23,2
NL230,Flevoland,3,2016,NL230,3
NL3,WEST-NEDERLAND,1,2016,NL3,1
NL31,Utrecht,2,2016,NL31,2
NL310,Utrecht,3,2016,NL310,3
NL32,Noord-Holland,2,2016,NL32,2
NL321,Kop van Noord-Holland,3,2016,NL321,3
NL323,IJmond,3,2016,NL323,3
NL324,Agglomeratie Haarlem,3,2016,NL324,3
NL325,Zaanstreek,3,2016,NL325,3
NL327,Het Gooi en Vechtstreek,3,2016,NL327,3
NL33,Zuid-Holland,2,2016,NL33,2
NL332,Agglomeratie 's-Gravenhage,3,2016,NL332,3
NL333,Delft en Westland,3,2016,NL333,3
NL341,Zeeuwsch-Vlaanderen,3,2016,NL341,3
NL342,Overig Zeeland,3,2016,NL342,3
NL4,ZUID-NEDERLAND,1,2016,NL4,1
NL41,Noord-Brabant,2,2016,NL41,2
NL411,West-Noord-Brabant,3,2016,NL411,3
NL412,Midden-Noord-Brabant,3,2016,NL412,3
NL413,Noordoost-Noord-Brabant,3,2016,NL413,3
NL414,Zuidoost-Noord-Brabant,3,2016,NL414,3
NL42,Limburg (NL),2,2016,NL42,2
NL421,Noord-Limburg,3,2016,NL421,3
NL422,Midden-Limburg,3,2016,NL422,3
NL423,Zuid-Limburg,3,2016,NL423,3
NLZZZ,Extra-Regio NUTS 3,3,2016,NLZZZ,3
PL21,Małopolskie,2,2016,PL21,2
PL213,Miasto Kraków,3,2016,PL213,3
PL214,Krakowski,3,2016,PL214,3
PL217,Tarnowski,3,2016,PL217,3
PL22,Śląskie,2,2016,PL22,2
PL224,Częstochowski,3,2016,PL224,3
PL225,Bielski,3,2016,PL225,3
PL227,Rybnicki,3,2016,PL227,3
PL228,Bytomski,3,2016,PL228,3
PL229,Gliwicki,3,2016,PL229,3
PL22A,Katowicki,3,2016,PL22A,3
PL22B,Sosnowiecki,3,2016,PL22B,3
PL22C,Tyski,3,2016,PL22C,3
PL41,Wielkopolskie,2,2016,PL41,2
PL42,Zachodniopomorskie,2,2016,PL42,2
PL43,Lubuskie,2,2016,PL43,2
PL51,Dolnośląskie,2,2016,PL51,2
PL52,Opolskie,2,2016,PL52,2
PL61,Kujawsko-pomorskie,2,2016,PL61,2
PL62,Warmińsko-mazurskie,2,2016,PL62,2
PLZ,EXTRA-REGIO NUTS 1,1,2016,PLZ,1
PLZZ,Extra-Regio NUTS 2,2,2016,PLZZ,2
PT,PORTUGAL,,2016,PT,
RO,ROMÂNIA,,2016,RO,
RO411,Dolj,3,2016,RO411,3
RO412,Gorj,3,2016,RO412,3
RO413,Mehedinţi,3,2016,RO413,3
RO414,Olt,3,2016,RO414,3
RO415,Vâlcea,3,2016,RO415,3
RO421,Arad,3,2016,RO421,3
RO422,Caraş-Severin,3,2016,RO422,3
RO423,Hunedoara,3,2016,RO423,3
RO424,Timiş,3,2016,RO424,3
ROZZZ,Extra-Regio NUTS 3,3,2016,ROZZZ,3
SE,SVERIGE,,2016,SE,
SE11,Stockholm,2,2016,SE11,2
SE110,Stockholms län,3,2016,SE110,3
SE12,Östra Mellansverige,2,2016,SE12,2
SE121,Uppsala län,3,2016,SE121,3
SE122,Södermanlands län,3,2016,SE122,3
SE123,Östergötlands län,3,2016,SE123,3
SE124,Örebro län,3,2016,SE124,3
SE125,Västmanlands län,3,2016,SE125,3
SE21,Småland med öarna,2,2016,SE21,2
SE211,Jönköpings län,3,2016,SE211,3
SE212,Kronobergs län,3,2016,SE212,3
SE213,Kalmar län,3,2016,SE213,3
SE214,Gotlands län,3,2016,SE214,3
SE22,Sydsverige,2,2016,SE22,2
SE221,Blekinge län,3,2016,SE221,3
SE224,Skåne län,3,2016,SE224,3
SE23,Västsverige,2,2016,SE23,2
SE231,Hallands län,3,2016,SE231,3
SE232,Västra Götalands län,3,2016,SE232,3
SE31,Norra Mellansverige,2,2016,SE31,2
SE311,Värmlands län,3,2016,SE311,3
SE312,Dalarnas län,3,2016,SE312,3
SE313,Gävleborgs län,3,2016,SE313,3
SE32,Mellersta Norrland,2,2016,SE32,2
SE321,Västernorrlands län,3,2016,SE321,3
SE322,Jämtlands län,3,2016,SE322,3
SE33,Övre Norrland,2,2016,SE33,2
SE331,Västerbottens län,3,2016,SE331,3
SE332,Norrbottens län,3,2016,SE332,3
SI,SLOVENIJA,,2016,SI,
SK,SLOVENSKO,,2016,SK,
SK01,Bratislavský kraj,2,2016,SK01,2
SK010,Bratislavský kraj,3,2016,SK010,3
SK02,Západné Slovensko,2,2016,SK02,2
SK021,Trnavský kraj,3,2016,SK021,3
SK022,Trenčiansky kraj,3,2016,SK022,3
SK023,Nitriansky kraj,3,2016,SK023,3
SK03,Stredné Slovensko,2,2016,SK03,2
SK031,Žilinský kraj,3,2016,SK031,3
SK032,Banskobystrický kraj,3,2016,SK032,3
SK04,Východné Slovensko,2,2016,SK04,2
SK041,Prešovský kraj,3,2016,SK041,3
SK042,Košický kraj,3,2016,SK042,3
UK,UNITED KINGDOM,,2016,UK,
UKC1,Tees Valley and Durham,2,2016,UKC1,2
UKC11,Hartlepool and Stockton-on-Tees,3,2016,UKC11,3
UKC12,South Teesside,3,2016,UKC12,3
UKC13,Darlington,3,2016,UKC13,3
UKC14,Durham CC,3,2016,UKC14,3
UKC2,Northumberland and Tyne and Wear,2,2016,UKC2,2
UKC21,Northumberland,3,2016,UKC21,3
UKC22,Tyneside,3,2016,UKC22,3
UKC23,Sunderland,3,2016,UKC23,3
UKD1,Cumbria,2,2016,UKD1,2
UKD11,West Cumbria,3,2016,UKD11,3
UKD12,East Cumbria,3,2016,UKD12,3
UKD3,Greater Manchester,2,2016,UKD3,2
UKD4,Lancashire,2,2016,UKD4,2
UKD41,Blackburn with Darwen,3,2016,UKD41,3
UKD42,Blackpool,3,2016,UKD42,3
UKE1,East Yorkshire and Northern Lincolnshire,2,2016,UKE1,2
UKE11,"Kingston upon Hull, City of",3,2016,UKE11,3
UKE12,East Riding of Yorkshire,3,2016,UKE12,3
UKE13,North and North East Lincolnshire,3,2016,UKE13,3
UKE2,North Yorkshire,2,2016,UKE2,2
UKE21,York,3,2016,UKE21,3
UKE22,North Yorkshire CC,3,2016,UKE22,3
UKE3,South Yorkshire,2,2016,UKE3,2
UKE31,"Barnsley, Doncaster and Rotherham",3,2016,UKE31,3
UKE32,Sheffield,3,2016,UKE32,3
UKE4,West Yorkshire,2,2016,UKE4,2
UKE41,Bradford,3,2016,UKE41,3
UKE42,Leeds,3,2016,UKE42,3
UKF1,Derbyshire and Nottinghamshire,2,2016,UKF1,2
UKF11,Derby,3,2016,UKF11,3
UKF12,East Derbyshire,3,2016,UKF12,3
UKF13,South and West Derbyshire,3,2016,UKF13,3
UKF14,Nottingham,3,2016,UKF14,3
UKF15,North Nottinghamshire,3,2016,UKF15,3
UKF16,South Nottinghamshire,3,2016,UKF16,3
UKF2,"Leicestershire, Rutland and Northamptonshire",2,2016,UKF2,2
LVZZ,Extra-Regio NUTS 2,2,2016,LVZZ,2
SEZZ,Extra-Regio NUTS 2,2,2016,SEZZ,2
ITZ,EXTRA-REGIO NUTS 1,1,2016,ITZ,1
LVZ,EXTRA-REGIO NUTS 1,1,2016,LVZ,1
SEZ,EXTRA-REGIO NUTS 1,1,2016,SEZ,1
UKF3,Lincolnshire,2,2016,UKF3,2
UKG1,"Herefordshire, Worcestershire and Warwickshire",2,2016,UKG1,2
UKG2,Shropshire and Staffordshire,2,2016,UKG2,2
UKG3,West Midlands,2,2016,UKG3,2
UKH1,East Anglia,2,2016,UKH1,2
UKH12,Cambridgeshire CC,3,2016,UKH12,3
UKH14,Suffolk,3,2016,UKH14,3
UKH2,Bedfordshire and Hertfordshire,2,2016,UKH2,2
UKH21,Luton,3,2016,UKH21,3
UKH3,Essex,2,2016,UKH3,2
UKJ,SOUTH EAST (ENGLAND),1,2016,UKJ,1
UKJ1,"Berkshire, Buckinghamshire and Oxfordshire",2,2016,UKJ1,2
UKJ2,"Surrey, East and West Sussex",2,2016,UKJ2,2
UKJ3,Hampshire and Isle of Wight,2,2016,UKJ3,2
UKJ4,Kent,2,2016,UKJ4,2
UKK,SOUTH WEST (ENGLAND),1,2016,UKK,1
UKK1,"Gloucestershire, Wiltshire and Bristol/Bath area",2,2016,UKK1,2
UKK2,Dorset and Somerset,2,2016,UKK2,2
UKK3,Cornwall and Isles of Scilly,2,2016,UKK3,2
UKL,WALES,1,2016,UKL,1
UKL1,West Wales and The Valleys,2,2016,UKL1,2
UKL2,East Wales,2,2016,UKL2,2
UKM,SCOTLAND,1,2016,UKM,1
UKM5,North Eastern Scotland,2,2016,UKM5,2
UKM6,Highlands and Islands,2,2016,UKM6,2
UKM62,"Inverness & Nairn and Moray, Badenoch & Strathspey",3,2016,UKM62,3
UKM63,"Lochaber, Skye & Lochalsh, Arran & Cumbrae and Argyll & Bute",3,2016,UKM63,3
UKM64,Eilean Siar (Western Isles),3,2016,UKM64,3
UKM65,Orkney Islands,3,2016,UKM65,3
UKM66,Shetland Islands,3,2016,UKM66,3
UKN,NORTHERN IRELAND,1,2016,UKN,1
UKN0,Northern Ireland,2,2016,UKN0,2
FI1C,Etelä-Suomi,2,2016,FI1C,2
FI1C1,Varsinais-Suomi,3,2016,FI1C1,3
FI1C2,Kanta-Häme,3,2016,FI1C2,3
FI1C3,Päijät-Häme,3,2016,FI1C3,3
FI1C4,Kymenlaakso,3,2016,FI1C4,3
FI1C5,Etelä-Karjala,3,2016,FI1C5,3
PL7,"MAKROREGION CENTRALNY
",1,2016,PL7,1
PL71,Łódzkie,2,2016,PL71,2
PL72,Świętokrzyskie,2,2016,PL72,2
PL711,Miasto Łódź,3,2016,PL711,3
PL712,Łódzki,3,2016,PL712,3
PL713,Piotrkowski,3,2016,PL713,3
PL714,Sieradzki,3,2016,PL714,3
PL715,Skierniewicki,3,2016,PL715,3
PL721,Kielecki,3,2016,PL721,3
PL722,Sandomiersko-jędrzejowski,3,2016,PL722,3
PL8,"MAKROREGION WSCHODNI
",1,2016,PL8,1
PL81,Lubelskie,2,2016,PL81,2
PL82,Podkarpackie,2,2016,PL82,2
PL84,Podlaskie,2,2016,PL84,2
PL811,Bialski,3,2016,PL811,3
PL812,Chełmsko-zamojski,3,2016,PL812,3
PL814,Lubelski,3,2016,PL814,3
PL815,Puławski,3,2016,PL815,3
PL821,Krośnieński,3,2016,PL821,3
PL822,Przemyski,3,2016,PL822,3
PL823,Rzeszowski,3,2016,PL823,3
PL824,Tarnobrzeski,3,2016,PL824,3
PL841,Białostocki,3,2016,PL841,3
PL842,Łomżyński,3,2016,PL842,3
PL843,Suwalski,3,2016,PL843,3
UKM7,Eastern Scotland,2,2016,UKM7,2
UKM71,Angus and Dundee City,3,2016,UKM71,3
UKM72,Clackmannanshire and Fife,3,2016,UKM72,3
UKM73,East Lothian and Midlothian,3,2016,UKM73,3
UKM75,"Edinburgh, City of",3,2016,UKM75,3
UKM76,Falkirk,3,2016,UKM76,3
UKM77,Perth & Kinross and Stirling,3,2016,UKM77,3
UKM78,West Lothian,3,2016,UKM78,3
UKM91,Scottish Borders,3,2016,UKM91,3
UKM9,Southern Scotland,2,2016,UKM9,2
UKM8,West Central Scotland,2,2016,UKM8,2
UKM81,"East Dunbartonshire, West Dunbartonshire and Helensburgh & Lomond",3,2016,UKM81,3
UKM92,Dumfries & Galloway,3,2016,UKM92,3
UKM93,East Ayrshire and North Ayrshire mainland,3,2016,UKM93,3
UKM82,Glasgow City,3,2016,UKM82,3
UKM83,"Inverclyde, East Renfrewshire and Renfrewshire",3,2016,UKM83,3
UKM84,North Lanarkshire,3,2016,UKM84,3
UKM94,South Ayrshire,3,2016,UKM94,3
UKM95,South Lanarkshire,3,2016,UKM95,3
UKM3,South Western Scotland,2,DELETE,UKM3,2
BGZZ,Extra-Regio NUTS 2,2,2016,BGZZ,2
ATZZ,Extra-Regio NUTS 2,2,2016,ATZZ,2
BGZ,EXTRA-REGIO NUTS 1,1,2016,BGZ,1
ATZ,EXTRA-REGIO NUTS 1,1,2016,ATZ,1
BG311,Видин,3,2016,BG311,3
BG312,Монтана,3,2016,BG312,3
BG313,Враца,3,2016,BG313,3
BG314,Плевен,3,2016,BG314,3
BG315,Ловеч,3,2016,BG315,3
BG321,Велико Търново,3,2016,BG321,3
BG322,Габрово,3,2016,BG322,3
BG323,Русе,3,2016,BG323,3
BG324,Разград,3,2016,BG324,3
BG331,Варна,3,2016,BG331,3
BG332,Добрич,3,2016,BG332,3
BG333,Шумен,3,2016,BG333,3
DE122,"Karlsruhe, Stadtkreis",3,2016,DE122,3
DE123,"Karlsruhe, Landkreis",3,2016,DE123,3
DE124,Rastatt,3,2016,DE124,3
DE125,"Heidelberg, Stadtkreis",3,2016,DE125,3
DE126,"Mannheim, Stadtkreis",3,2016,DE126,3
DE127,Neckar-Odenwald-Kreis,3,2016,DE127,3
DE128,Rhein-Neckar-Kreis,3,2016,DE128,3
DE129,"Pforzheim, Stadtkreis",3,2016,DE129,3
DE12A,Calw,3,2016,DE12A,3
DE12B,Enzkreis,3,2016,DE12B,3
DE12C,Freudenstadt,3,2016,DE12C,3
DE131,"Freiburg im Breisgau, Stadtkreis",3,2016,DE131,3
DE132,Breisgau-Hochschwarzwald,3,2016,DE132,3
DE133,Emmendingen,3,2016,DE133,3
DE134,Ortenaukreis,3,2016,DE134,3
DE135,Rottweil,3,2016,DE135,3
DE136,Schwarzwald-Baar-Kreis,3,2016,DE136,3
EL4,"NΗΣΙΑ ΑΙΓΑΙΟΥ, KΡΗΤΗ",1,2016,EL4,1
EL5,ΒΟΡΕΙΑ ΕΛΛΑΔΑ,1,2016,EL5,1
EL6,ΚΕΝΤΡΙΚΗ ΕΛΛΑΔΑ,1,2016,EL6,1
ITH,NORD-EST,1,2016,ITH,1
EL3,ATTIKΗ,1,2016,EL3,1
ITI,CENTRO (IT),1,2016,ITI,1
ITH1,Provincia Autonoma di Bolzano / Bozen,2,2016,ITH1,2
ELZ,EXTRA-REGIO NUTS 1,1,2016,ELZ,1
ELZZ,Extra-Regio NUTS 2,2,2016,ELZZ,2
EL30,Aττική,2,2016,EL30,2
DED4,Chemnitz,2,2016,DED4,2
DED5,Leipzig,2,2016,DED5,2
EL41,Βόρειο Αιγαίο,2,2016,EL41,2
EL42,Νότιο Αιγαίο,2,2016,EL42,2
EL43,Κρήτη,2,2016,EL43,2
EL51,"Aνατολική Μακεδονία, Θράκη",2,2016,EL51,2
EL52,Κεντρική Μακεδονία,2,2016,EL52,2
EL53,Δυτική Μακεδονία,2,2016,EL53,2
EL54,Ήπειρος,2,2016,EL54,2
EL61,Θεσσαλία,2,2016,EL61,2
EL62,Ιόνια Νησιά,2,2016,EL62,2
EL63,Δυτική Ελλάδα,2,2016,EL63,2
EL64,Στερεά Ελλάδα,2,2016,EL64,2
EL65,Πελοπόννησος,2,2016,EL65,2
ITH2,Provincia Autonoma di Trento,2,2016,ITH2,2
ITH3,Veneto,2,2016,ITH3,2
ITH4,Friuli-Venezia Giulia,2,2016,ITH4,2
ITH5,Emilia-Romagna,2,2016,ITH5,2
ITI1,Toscana,2,2016,ITI1,2
ITI2,Umbria,2,2016,ITI2,2
ITI3,Marche,2,2016,ITI3,2
ITI4,Lazio,2,2016,ITI4,2
UKD6,Cheshire,2,2016,UKD6,2
UKD7,Merseyside,2,2016,UKD7,2
EL,ΕΛΛΑΔΑ,,2016,EL,
DE401,"Brandenburg an der Havel, Kreisfreie Stadt",3,2016,DE401,3
DE402,"Cottbus, Kreisfreie Stadt",3,2016,DE402,3
DE403,"Frankfurt (Oder), Kreisfreie Stadt",3,2016,DE403,3
DE404,"Potsdam, Kreisfreie Stadt",3,2016,DE404,3
DE405,Barnim,3,2016,DE405,3
DE406,Dahme-Spreewald,3,2016,DE406,3
DE407,Elbe-Elster,3,2016,DE407,3
DE408,Havelland,3,2016,DE408,3
DE409,Märkisch-Oderland,3,2016,DE409,3
DE40A,Oberhavel,3,2016,DE40A,3
DE40B,Oberspreewald-Lausitz,3,2016,DE40B,3
DE40C,Oder-Spree,3,2016,DE40C,3
DE40D,Ostprignitz-Ruppin,3,2016,DE40D,3
DE40E,Potsdam-Mittelmark,3,2016,DE40E,3
DE40F,Prignitz,3,2016,DE40F,3
DE40G,Spree-Neiße,3,2016,DE40G,3
DE40H,Teltow-Fläming,3,2016,DE40H,3
DE40I,Uckermark,3,2016,DE40I,3
DED41,"Chemnitz, Kreisfreie Stadt",3,2016,DED41,3
DED51,"Leipzig, Kreisfreie Stadt",3,2016,DED51,3
ITC4C,Milano,3,2016,ITC4C,3
ITF46,Foggia,3,2016,ITF46,3
ITF47,Bari,3,2016,ITF47,3
ITH10,Bolzano-Bozen,3,2016,ITH10,3
ITH20,Trento,3,2016,ITH20,3
ITH31,Verona,3,2016,ITH31,3
ITH32,Vicenza,3,2016,ITH32,3
ITH33,Belluno,3,2016,ITH33,3
ITH34,Treviso,3,2016,ITH34,3
ITH35,Venezia,3,2016,ITH35,3
ITH36,Padova,3,2016,ITH36,3
ITH37,Rovigo,3,2016,ITH37,3
ITH41,Pordenone,3,2016,ITH41,3
ITH42,Udine,3,2016,ITH42,3
ITH43,Gorizia,3,2016,ITH43,3
ITH44,Trieste,3,2016,ITH44,3
ITH51,Piacenza,3,2016,ITH51,3
ITH52,Parma,3,2016,ITH52,3
ITH53,Reggio nell'Emilia,3,2016,ITH53,3
ITH54,Modena,3,2016,ITH54,3
ITH55,Bologna,3,2016,ITH55,3
ITH56,Ferrara,3,2016,ITH56,3
ITH57,Ravenna,3,2016,ITH57,3
ITH58,Forlì-Cesena,3,2016,ITH58,3
ITH59,Rimini,3,2016,ITH59,3
ITI11,Massa-Carrara,3,2016,ITI11,3
ITI12,Lucca,3,2016,ITI12,3
DE938,Heidekreis,3,2016,DE938,3
DEZZ,Extra-Regio NUTS 2,2,2016,DEZZ,2
DEZ,EXTRA-REGIO NUTS 1,1,2016,DEZ,1
DE927,Nienburg (Weser),3,2016,DE927,3
DE928,Schaumburg,3,2016,DE928,3
DE929,Region Hannover,3,2016,DE929,3
DE931,Celle,3,2016,DE931,3
DE932,Cuxhaven,3,2016,DE932,3
DE933,Harburg,3,2016,DE933,3
DE934,Lüchow-Dannenberg,3,2016,DE934,3
DE935,"Lüneburg, Landkreis",3,2016,DE935,3
DE936,Osterholz,3,2016,DE936,3
DE937,Rotenburg (Wümme),3,2016,DE937,3
DE939,Stade,3,2016,DE939,3
DE93A,Uelzen,3,2016,DE93A,3
DK011,Byen København,3,2016,DK011,3
DK012,Københavns omegn,3,2016,DK012,3
DK013,Nordsjælland,3,2016,DK013,3
DK014,Bornholm,3,2016,DK014,3
ITI13,Pistoia,3,2016,ITI13,3
ITI14,Firenze,3,2016,ITI14,3
ITI15,Prato,3,2016,ITI15,3
ITI16,Livorno,3,2016,ITI16,3
ITI17,Pisa,3,2016,ITI17,3
ITI18,Arezzo,3,2016,ITI18,3
ITI19,Siena,3,2016,ITI19,3
ITI1A,Grosseto,3,2016,ITI1A,3
ITI21,Perugia,3,2016,ITI21,3
ITI22,Terni,3,2016,ITI22,3
ITI31,Pesaro e Urbino,3,2016,ITI31,3
ITI32,Ancona,3,2016,ITI32,3
ITI33,Macerata,3,2016,ITI33,3
ITI34,Ascoli Piceno,3,2016,ITI34,3
ITI41,Viterbo,3,2016,ITI41,3
ITI42,Rieti,3,2016,ITI42,3
ITI43,Roma,3,2016,ITI43,3
ITI44,Latina,3,2016,ITI44,3
ITI45,Frosinone,3,2016,ITI45,3
NL337,Agglomeratie Leiden en Bollenstreek,3,2016,NL337,3
NL33A,Zuidoost-Zuid-Holland,3,2016,NL33A,3
FI1D1,Etelä-Savo,3,2016,FI1D1,3
FI1D2,Pohjois-Savo,3,2016,FI1D2,3
FI1D3,Pohjois-Karjala,3,2016,FI1D3,3
FI1D5,Keski-Pohjanmaa,3,2016,FI1D5,3
FI1D7,Lappi,3,2016,FI1D7,3
UKD71,East Merseyside,3,2016,UKD71,3
UKD72,Liverpool,3,2016,UKD72,3
UKD73,Sefton,3,2016,UKD73,3
UKD74,Wirral,3,2016,UKD74,3
EL434,Χανιά,3,2016,EL434,3
SI03,Vzhodna Slovenija,2,2016,SI03,2
SI04,Zahodna Slovenija,2,2016,SI04,2
UKI3,Inner London – West,2,2016,UKI3,2
UKI4,Inner London – East,2,2016,UKI4,2
UKI5,Outer London – East and North East,2,2016,UKI5,2
UKI6,Outer London – South,2,2016,UKI6,2
UKI7,Outer London – West and North West,2,2016,UKI7,2
HRZZ,Extra-Regio NUTS 2,2,2016,HRZZ,2
ITC4D,Monza e della Brianza,3,2016,ITC4D,3
ITI35,Fermo,3,2016,ITI35,3
UKD61,Warrington,3,2016,UKD61,3
UKD62,Cheshire East,3,2016,UKD62,3
UKD63,Cheshire West and Chester,3,2016,UKD63,3
UKE44,Calderdale and Kirklees,3,2016,UKE44,3
UKE45,Wakefield,3,2016,UKE45,3
HRZ,EXTRA-REGIO NUTS 1,1,2016,HRZ,1
UKH24,Bedford,3,2016,UKH24,3
UKH25,Central Bedfordshire,3,2016,UKH25,3
FRB,CENTRE – VAL DE LOIRE,1,2016,FRB,1
FRD,NORMANDIE,1,2016,FRD,1
FRG,PAYS DE LA LOIRE,1,2016,FRG,1
FRH,BRETAGNE,1,2016,FRH,1
FRL,PROVENCE-ALPES-CÔTE D'AZUR,1,2016,FRL,1
FRM,CORSE,1,2016,FRM,1
FRY,RUP FR – RÉGIONS ULTRAPÉRIPHÉRIQUES FRANÇAISES,1,2016,FRY,1
FRY5,Mayotte,2,2016,FRY5,2
FRY50,Mayotte,3,2016,FRY50,3
HU11,Budapest,2,2016,HU11,2
HU12,Pest,2,2016,HU12,2
IE04,Northern and Western,2,2016,IE04,2
PL9,MAKROREGION WOJEWÓDZTWO MAZOWIECKIE,1,2016,PL9,1
PL92,Mazowiecki regionalny,2,2016,PL92,2
PL922,Ciechanowski,3,2016,PL922,3
PL923,Płocki,3,2016,PL923,3
PL924,Ostrołęcki,3,2016,PL924,3
PL925,Siedlecki,3,2016,PL925,3
PL926,Żyrardowski,3,2016,PL926,3
UKN07,"Armagh City, Banbridge and Craigavon",3,2016,UKN07,3
UKN08,"Newry, Mourne and Down",3,2016,UKN08,3
UKN09,Ards and North Down,3,2016,UKN09,3
UKN10,Derry City and Strabane,3,2016,UKN10,3
UKN11,Mid Ulster,3,2016,UKN11,3
UKN12,Causeway Coast and Glens,3,2016,UKN12,3
UKN13,Antrim and Newtownabbey,3,2016,UKN13,3
UKN14,Lisburn and Castlereagh,3,2016,UKN14,3
UKN15,Mid and East Antrim,3,2016,UKN15,3
UKN16,Fermanagh and Omagh,3,2016,UKN16,3
DE40,Brandenburg,2,2016,DE40,2
FIZZ,Extra-Regio NUTS 2,2,2016,FIZZ,2
FIZ,EXTRA-REGIO NUTS 1,1,2016,FIZ,1
DKZZZ,Extra-Regio NUTS 3,3,2016,DKZZZ,3
ES211,Araba / Álava,3,2016,ES211,3
ES212,Gipuzkoa,3,2016,ES212,3
ES213,Bizkaia,3,2016,ES213,3
DK021,Østsjælland,3,2016,DK021,3
DK022,Vest- og Sydsjælland,3,2016,DK022,3
DK031,Fyn,3,2016,DK031,3
DK032,Sydjylland,3,2016,DK032,3
DK041,Vestjylland,3,2016,DK041,3
DK042,Østjylland,3,2016,DK042,3
DK050,Nordjylland,3,2016,DK050,3
EE001,Põhja-Eesti,3,2016,EE001,3
EE004,Lääne-Eesti,3,2016,EE004,3
EE006,Kesk-Eesti,3,2016,EE006,3
EE007,Kirde-Eesti,3,2016,EE007,3
EE008,Lõuna-Eesti,3,2016,EE008,3
ES111,A Coruña,3,2016,ES111,3
ES112,Lugo,3,2016,ES112,3
ES113,Ourense,3,2016,ES113,3
ES114,Pontevedra,3,2016,ES114,3
ES120,Asturias,3,2016,ES120,3
ES130,Cantabria,3,2016,ES130,3
ES220,Navarra,3,2016,ES220,3
ES230,La Rioja,3,2016,ES230,3
ES241,Huesca,3,2016,ES241,3
ES242,Teruel,3,2016,ES242,3
ES243,Zaragoza,3,2016,ES243,3
ES300,Madrid,3,2016,ES300,3
ES411,Ávila,3,2016,ES411,3
ES412,Burgos,3,2016,ES412,3
ES413,León,3,2016,ES413,3
ES414,Palencia,3,2016,ES414,3
ES415,Salamanca,3,2016,ES415,3
ES416,Segovia,3,2016,ES416,3
ES417,Soria,3,2016,ES417,3
ES418,Valladolid,3,2016,ES418,3
ES419,Zamora,3,2016,ES419,3
ES421,Albacete,3,2016,ES421,3
ES422,Ciudad Real,3,2016,ES422,3
ES423,Cuenca,3,2016,ES423,3
ES424,Guadalajara,3,2016,ES424,3
ES425,Toledo,3,2016,ES425,3
ES431,Badajoz,3,2016,ES431,3
ES432,Cáceres,3,2016,ES432,3
EL412,"Ικαρία, Σάμος",3,2016,EL412,3
EL421,"Κάλυμνος, Κάρπαθος, Κως, Ρόδος",3,2016,EL421,3
EL422,"Άνδρος, Θήρα, Κέα, Μήλος, Μύκονος, Νάξος, Πάρος, Σύρος, Τήνος",3,2016,EL422,3
EL431,Ηράκλειο,3,2016,EL431,3
EL432,Λασίθι,3,2016,EL432,3
EL433,Ρέθυμνο,3,2016,EL433,3
NO011,Oslo,3,,NO011,3
NO012,Akershus,3,,NO012,3
NO021,Hedmark,3,,NO021,3
NOZZ,,2,,NOZZ,2
NO034,Telemark,3,,NO034,3
NOZ,,1,,NOZ,1
NO022,Oppland,3,,NO022,3
NO041,Aust-Agder,3,,NO041,3
MTZZ,Extra-Regio NUTS 2,2,2016,MTZZ,2
MTZ,EXTRA-REGIO NUTS 1,1,2016,MTZ,1
DEB1C,Cochem-Zell,3,2016,DEB1C,3
DEB1D,Rhein-Hunsrück-Kreis,3,2016,DEB1D,3
FR515,Vendée,3,,FR515,3
FI1D8,Kainuu,3,2016,FI1D8,3
FR521,Côtes-d'Armor,3,,FR521,3
FR522,Finistère,3,,FR522,3
FI1D9,Pohjois-Pohjanmaa,3,2016,FI1D9,3
FRB0,Centre – Val de Loire,2,2016,FRB0,2
FRB01,Cher,3,2016,FRB01,3
FRB02,Eure-et-Loir,3,2016,FRB02,3
FRB03,Indre,3,2016,FRB03,3
FRB04,Indre-et-Loire,3,2016,FRB04,3
FRB05,Loir-et-Cher,3,2016,FRB05,3
FRB06,Loiret,3,2016,FRB06,3
FR523,Ille-et-Vilaine,3,,FR523,3
FR524,Morbihan,3,,FR524,3
FR531,Charente,3,,FR531,3
FR532,Charente-Maritime,3,,FR532,3
FRC1,Bourgogne,2,2016,FRC1,2
FRC11,Côte-d'Or,3,2016,FRC11,3
FRC12,Nièvre,3,2016,FRC12,3
FRC13,Saône-et-Loire,3,2016,FRC13,3
FRC14,Yonne,3,2016,FRC14,3
FRC2,Franche-Comté,2,2016,FRC2,2
FR533,Deux-Sèvres,3,,FR533,3
FR534,Vienne,3,,FR534,3
FR611,Dordogne,3,,FR611,3
FRC21,Doubs,3,2016,FRC21,3
FRC22,Jura,3,2016,FRC22,3
FRC23,Haute-Saône,3,2016,FRC23,3
FR612,Gironde,3,,FR612,3
FR613,Landes,3,,FR613,3
FR614,Lot-et-Garonne,3,,FR614,3
FRC24,Territoire de Belfort,3,2016,FRC24,3
FR615,Pyrénées-Atlantiques,3,,FR615,3
FR621,Ariège,3,,FR621,3
FR622,Aveyron,3,,FR622,3
FRD1,Basse-Normandie,2,2016,FRD1,2
FR623,Haute-Garonne,3,,FR623,3
FR624,Gers,3,,FR624,3
FR625,Lot,3,,FR625,3
FRD11,Calvados,3,2016,FRD11,3
FRD12,Manche,3,2016,FRD12,3
FR626,Hautes-Pyrénées,3,,FR626,3
FR627,Tarn,3,,FR627,3
FR628,Tarn-et-Garonne,3,,FR628,3
FRD13,Orne,3,2016,FRD13,3
FR631,Corrèze,3,,FR631,3
FR632,Creuse,3,,FR632,3
FR633,Haute-Vienne,3,,FR633,3
FR711,Ain,3,,FR711,3
FRD2,Haute-Normandie,2,2016,FRD2,2
FR712,Ardèche,3,,FR712,3
FRD21,Eure,3,2016,FRD21,3
FRD22,Seine-Maritime,3,2016,FRD22,3
FR713,Drôme,3,,FR713,3
FRE1,Nord-Pas de Calais,2,2016,FRE1,2
FR714,Isère,3,,FR714,3
FR715,Loire,3,,FR715,3
FR716,Rhône,3,,FR716,3
FR717,Savoie,3,,FR717,3
FR718,Haute-Savoie,3,,FR718,3
FR721,Allier,3,,FR721,3
FR722,Cantal,3,,FR722,3
FRE11,Nord,3,2016,FRE11,3
FR723,Haute-Loire,3,,FR723,3
FR724,Puy-de-Dôme,3,,FR724,3
FR811,Aude,3,,FR811,3
FR812,Gard,3,,FR812,3
FR813,Hérault,3,,FR813,3
FR814,Lozère,3,,FR814,3
FRE12,Pas-de-Calais,3,2016,FRE12,3
FR815,Pyrénées-Orientales,3,,FR815,3
FR821,Alpes-de-Haute-Provence,3,,FR821,3
FRE2,Picardie,2,2016,FRE2,2
FRE21,Aisne,3,2016,FRE21,3
FR822,Hautes-Alpes,3,,FR822,3
FR823,Alpes-Maritimes,3,,FR823,3
FR824,Bouches-du-Rhône,3,,FR824,3
FR825,Var,3,,FR825,3
FRE22,Oise,3,2016,FRE22,3
FRE23,Somme,3,2016,FRE23,3
FRF1,Alsace,2,2016,FRF1,2
FRF11,Bas-Rhin,3,2016,FRF11,3
FRF12,Haut-Rhin,3,2016,FRF12,3
FRF2,Champagne-Ardenne,2,2016,FRF2,2
NO061,,3,,NO061,3
NO062,,3,,NO062,3
NOZZZ,,3,,NOZZZ,3
FRF21,Ardennes,3,2016,FRF21,3
FRF22,Aube,3,2016,FRF22,3
FRF23,Marne,3,2016,FRF23,3
FRF24,Haute-Marne,3,2016,FRF24,3
FRF3,Lorraine,2,2016,FRF3,2
FRF31,Meurthe-et-Moselle,3,2016,FRF31,3
FRF32,Meuse,3,2016,FRF32,3
FRF33,Moselle,3,2016,FRF33,3
FRF34,Vosges,3,2016,FRF34,3
FRG0,Pays de la Loire,2,2016,FRG0,2
FRG01,Loire-Atlantique,3,2016,FRG01,3
FRG02,Maine-et-Loire,3,2016,FRG02,3
FRG03,Mayenne,3,2016,FRG03,3
FRG04,Sarthe,3,2016,FRG04,3
FRG05,Vendée,3,2016,FRG05,3
FRH0,Bretagne,2,2016,FRH0,2
FRH01,Côtes-d'Armor,3,2016,FRH01,3
FRH02,Finistère,3,2016,FRH02,3
FRH03,Ille-et-Vilaine,3,2016,FRH03,3
FRH04,Morbihan,3,2016,FRH04,3
FRI1,Aquitaine,2,2016,FRI1,2
FRI11,Dordogne,3,2016,FRI11,3
FRI12,Gironde,3,2016,FRI12,3
NO043,Rogaland,3,,NO043,3
ITZZ,Extra-Regio NUTS 2,2,2016,ITZZ,2
IE011,Border,3,,IE011,3
IE012,Midland,3,,IE012,3
HR035,Splitsko-dalmatinska županija,3,2016,HR035,3
HR036,Istarska županija,3,2016,HR036,3
IE013,West,3,,IE013,3
IE021,Dublin,3,,IE021,3
IE022,Mid-East,3,,IE022,3
HR037,Dubrovačko-neretvanska županija,3,2016,HR037,3
IE023,Mid-West,3,,IE023,3
IE024,South-East (IE),3,,IE024,3
IE025,South-West (IE),3,,IE025,3
ITC11,Torino,3,2016,ITC11,3
ITC12,Vercelli,3,2016,ITC12,3
ITC13,Biella,3,2016,ITC13,3
ITC14,Verbano-Cusio-Ossola,3,2016,ITC14,3
ITC15,Novara,3,2016,ITC15,3
ITC16,Cuneo,3,2016,ITC16,3
ITC17,Asti,3,2016,ITC17,3
HR041,Grad Zagreb,3,2016,HR041,3
HR042,Zagrebačka županija,3,2016,HR042,3
HR043,Krapinsko-zagorska županija,3,2016,HR043,3
HR044,Varaždinska županija,3,2016,HR044,3
HR045,Koprivničko-križevačka županija,3,2016,HR045,3
HR046,Međimurska županija,3,2016,HR046,3
HR047,Bjelovarsko-bilogorska županija,3,2016,HR047,3
HR049,Požeško-slavonska županija,3,2016,HR049,3
HR04A,Brodsko-posavska županija,3,2016,HR04A,3
HR04B,Osječko-baranjska županija,3,2016,HR04B,3
HR04C,Vukovarsko-srijemska županija,3,2016,HR04C,3
HR04D,Karlovačka županija,3,2016,HR04D,3
HR04E,Sisačko-moslavačka županija,3,2016,HR04E,3
FRI13,Landes,3,2016,FRI13,3
FRI14,Lot-et-Garonne,3,2016,FRI14,3
FRI15,Pyrénées-Atlantiques,3,2016,FRI15,3
FRI2,Limousin,2,2016,FRI2,2
FRI21,Corrèze,3,2016,FRI21,3
FRI22,Creuse,3,2016,FRI22,3
FRI23,Haute-Vienne,3,2016,FRI23,3
FRI3,Poitou - Charentes,2,2016,FRI3,2
FRI31,Charente,3,2016,FRI31,3
FRI32,Charente-Maritime,3,2016,FRI32,3
FRI33,Deux-Sèvres,3,2016,FRI33,3
FRI34,Vienne,3,2016,FRI34,3
FRJ1,Languedoc-Roussillon,2,2016,FRJ1,2
FRJ11,Aude,3,2016,FRJ11,3
FRJ12,Gard,3,2016,FRJ12,3
FRJ13,Hérault,3,2016,FRJ13,3
FRJ14,Lozère,3,2016,FRJ14,3
FRJ15,Pyrénées-Orientales,3,2016,FRJ15,3
FRJ2,Midi-Pyrénées,2,2016,FRJ2,2
FRJ21,Ariège,3,2016,FRJ21,3
FRJ22,Aveyron,3,2016,FRJ22,3
FRJ23,Haute-Garonne,3,2016,FRJ23,3
FRJ24,Gers,3,2016,FRJ24,3
FRJ25,Lot,3,2016,FRJ25,3
FRJ26,Hautes-Pyrénées,3,2016,FRJ26,3
FRJ27,Tarn,3,2016,FRJ27,3
FRJ28,Tarn-et-Garonne,3,2016,FRJ28,3
FRK1,Auvergne,2,2016,FRK1,2
FRK11,Allier,3,2016,FRK11,3
FRK12,Cantal,3,2016,FRK12,3
FRK13,Haute-Loire,3,2016,FRK13,3
FRK14,Puy-de-Dôme,3,2016,FRK14,3
FRK2,Rhône-Alpes,2,2016,FRK2,2
FRK21,Ain,3,2016,FRK21,3
FRK22,Ardèche,3,2016,FRK22,3
FRK23,Drôme,3,2016,FRK23,3
FRK24,Isère,3,2016,FRK24,3
FRK25,Loire,3,2016,FRK25,3
FRK26,Rhône,3,2016,FRK26,3
FRK27,Savoie,3,2016,FRK27,3
FRK28,Haute-Savoie,3,2016,FRK28,3
FRL0,Provence-Alpes-Côte d'Azur,2,2016,FRL0,2
FRL01,Alpes-de-Haute-Provence,3,2016,FRL01,3
FRL02,Hautes-Alpes,3,2016,FRL02,3
FRL03,Alpes-Maritimes,3,2016,FRL03,3
FRL04,Bouches-du-Rhône,3,2016,FRL04,3
FRL05,Var,3,2016,FRL05,3
FRL06,Vaucluse,3,2016,FRL06,3
FRM0,Corse,2,2016,FRM0,2
FRM01,Corse-du-Sud,3,2016,FRM01,3
FRM02,Haute-Corse,3,2016,FRM02,3
FRY1,Guadeloupe,2,2016,FRY1,2
FRY10,Guadeloupe,3,2016,FRY10,3
FRY2,Martinique,2,2016,FRY2,2
FRY20,Martinique,3,2016,FRY20,3
FRY3,Guyane,2,2016,FRY3,2
FRY30,Guyane,3,2016,FRY30,3
FRY4,La Réunion,2,2016,FRY4,2
FRY40,La Réunion,3,2016,FRY40,3
HU110,Budapest,3,2016,HU110,3
HU120,Pest,3,2016,HU120,3
IE041,Border,3,2016,IE041,3
IE042,West,3,2016,IE042,3
IE051,Mid-West,3,2016,IE051,3
PT111,Alto Minho,3,2016,PT111,3
PL411,Pilski,3,2016,PL411,3
PL414,Koniński,3,2016,PL414,3
PL415,Miasto Poznań,3,2016,PL415,3
PL416,Kaliski,3,2016,PL416,3
PL417,Leszczyński,3,2016,PL417,3
PL418,Poznański,3,2016,PL418,3
PL424,Miasto Szczecin,3,2016,PL424,3
PL431,Gorzowski,3,2016,PL431,3
PL432,Zielonogórski,3,2016,PL432,3
PL514,Miasto Wrocław,3,2016,PL514,3
PL515,Jeleniogórski,3,2016,PL515,3
PL516,Legnicko-głogowski,3,2016,PL516,3
PL517,Wałbrzyski,3,2016,PL517,3
PL518,Wrocławski,3,2016,PL518,3
PL613,Bydgosko-toruński,3,2016,PL613,3
PL621,Elbląski,3,2016,PL621,3
PL622,Olsztyński,3,2016,PL622,3
PL623,Ełcki,3,2016,PL623,3
PL633,Trójmiejski,3,2016,PL633,3
PL634,Gdański,3,2016,PL634,3
PT112,Cávado,3,2016,PT112,3
PT150,Algarve,3,2016,PT150,3
PT16B,Oeste,3,2016,PT16B,3
PT181,Alentejo Litoral,3,2016,PT181,3
PT184,Baixo Alentejo,3,2016,PT184,3
PT185,Lezíria do Tejo,3,2016,PT185,3
PT200,Região Autónoma dos Açores,3,2016,PT200,3
PT300,Região Autónoma da Madeira,3,2016,PT300,3
RO111,Bihor,3,2016,RO111,3
RO112,Bistriţa-Năsăud,3,2016,RO112,3
RO113,Cluj,3,2016,RO113,3
RO114,Maramureş,3,2016,RO114,3
RO115,Satu Mare,3,2016,RO115,3
RO116,Sălaj,3,2016,RO116,3
RO121,Alba,3,2016,RO121,3
RO122,Braşov,3,2016,RO122,3
RO123,Covasna,3,2016,RO123,3
RO124,Harghita,3,2016,RO124,3
RO125,Mureş,3,2016,RO125,3
RO126,Sibiu,3,2016,RO126,3
RO211,Bacău,3,2016,RO211,3
RO212,Botoşani,3,2016,RO212,3
RO213,Iaşi,3,2016,RO213,3
RO214,Neamţ,3,2016,RO214,3
RO215,Suceava,3,2016,RO215,3
RO216,Vaslui,3,2016,RO216,3
RO221,Brăila,3,2016,RO221,3
RO222,Buzău,3,2016,RO222,3
RO223,Constanţa,3,2016,RO223,3
RO224,Galaţi,3,2016,RO224,3
RO225,Tulcea,3,2016,RO225,3
RO311,Argeş,3,2016,RO311,3
RO313,Dâmboviţa,3,2016,RO313,3
RO314,Giurgiu,3,2016,RO314,3
RO316,Prahova,3,2016,RO316,3
RO317,Teleorman,3,2016,RO317,3
RO321,Bucureşti,3,2016,RO321,3
RO322,Ilfov,3,2016,RO322,3
ROZ,EXTRA-REGIO NUTS 1,1,2016,ROZ,1
ROZZ,Extra-Regio NUTS 2,2,2016,ROZZ,2
IE052,South-East,3,2016,IE052,3
IE053,South-West,3,2016,IE053,3
IE061,Dublin,3,2016,IE061,3
IE062,Mid-East,3,2016,IE062,3
IE063,Midland,3,2016,IE063,3
NL124,Noord-Friesland,3,2016,NL124,3
NL125,Zuidwest-Friesland,3,2016,NL125,3
NL126,Zuidoost-Friesland,3,2016,NL126,3
BEZZ,Extra-Regio NUTS 2,2,2016,BEZZ,2
DKZZ,Extra-Regio NUTS 2,2,2016,DKZZ,2
ESZZ,Extra-Regio NUTS 2,2,2016,ESZZ,2
BEZ,EXTRA-REGIO NUTS 1,1,2016,BEZ,1
DKZ,EXTRA-REGIO NUTS 1,1,2016,DKZ,1
ESZ,EXTRA-REGIO NUTS 1,1,2016,ESZ,1
UKH23,Hertfordshire,3,2016,UKH23,3
UKH31,Southend-on-Sea,3,2016,UKH31,3
UKH32,Thurrock,3,2016,UKH32,3
UKJ11,Berkshire,3,2016,UKJ11,3
UKJ12,Milton Keynes,3,2016,UKJ12,3
UKJ13,Buckinghamshire CC,3,2016,UKJ13,3
UKJ14,Oxfordshire,3,2016,UKJ14,3
UKJ21,Brighton and Hove,3,2016,UKJ21,3
UKJ22,East Sussex CC,3,2016,UKJ22,3
UKJ31,Portsmouth,3,2016,UKJ31,3
UKJ32,Southampton,3,2016,UKJ32,3
UKJ34,Isle of Wight,3,2016,UKJ34,3
UKJ41,Medway,3,2016,UKJ41,3
UKK11,"Bristol, City of",3,2016,UKK11,3
UKK12,"Bath and North East Somerset, North Somerset and South Gloucestershire",3,2016,UKK12,3
UKK13,Gloucestershire,3,2016,UKK13,3
UKK14,Swindon,3,2016,UKK14,3
UKK15,Wiltshire CC,3,2016,UKK15,3
UKK21,Bournemouth and Poole,3,2016,UKK21,3
UKK22,Dorset CC,3,2016,UKK22,3
UKK23,Somerset,3,2016,UKK23,3
UKK30,Cornwall and Isles of Scilly,3,2016,UKK30,3
UKK41,Plymouth,3,2016,UKK41,3
UKK42,Torbay,3,2016,UKK42,3
UKK43,Devon CC,3,2016,UKK43,3
UKL11,Isle of Anglesey,3,2016,UKL11,3
UKL12,Gwynedd,3,2016,UKL12,3
UKL13,Conwy and Denbighshire,3,2016,UKL13,3
UKL14,South West Wales,3,2016,UKL14,3
UKL15,Central Valleys,3,2016,UKL15,3
UKL16,Gwent Valleys,3,2016,UKL16,3
UKL17,Bridgend and Neath Port Talbot,3,2016,UKL17,3
UKL18,Swansea,3,2016,UKL18,3
UKL21,Monmouthshire and Newport,3,2016,UKL21,3
UKL22,Cardiff and Vale of Glamorgan,3,2016,UKL22,3
UKL23,Flintshire and Wrexham,3,2016,UKL23,3
UKL24,Powys,3,2016,UKL24,3
UKM50,Aberdeen City and Aberdeenshire,3,2016,UKM50,3
UKM61,Caithness & Sutherland and Ross & Cromarty,3,2016,UKM61,3
FRZZ,Extra-Regio NUTS 2,2,2016,FRZZ,2
PTZZ,Extra-Regio NUTS 2,2,2016,PTZZ,2
FRZ,EXTRA-REGIO NUTS 1,1,2016,FRZ,1
PTZ,EXTRA-REGIO NUTS 1,1,2016,PTZ,1
NLZ,EXTRA-REGIO NUTS 1,1,2016,NLZ,1
NLZZ,Extra-Regio NUTS 2,2,2016,NLZZ,2
UKZ,EXTRA-REGIO NUTS 1,1,2016,UKZ,1
UKZZ,Extra-Regio NUTS 2,2,2016,UKZZ,2
NL328,Alkmaar en omgeving,3,2016,NL328,3
NL329,Groot-Amsterdam,3,2016,NL329,3
NL33B,Oost-Zuid-Holland,3,2016,NL33B,3
NL33C,Groot-Rijnmond,3,2016,NL33C,3
PL911,Miasto Warszawa,3,2016,PL911,3
PL912,Warszawski wschodni,3,2016,PL912,3
PL913,Warszawski zachodni,3,2016,PL913,3
PL921,Radomski,3,2016,PL921,3
UKN06,Belfast,3,2016,UKN06,3
CYZ,EXTRA-REGIO NUTS 1,1,2016,CYZ,1
CYZZ,Extra-Regio NUTS 2,2,2016,CYZZ,2
CYZZZ,Extra-Regio NUTS 3,3,2016,CYZZZ,3
LTZ,EXTRA-REGIO NUTS 1,1,2016,LTZ,1
LTZZ,Extra-Regio NUTS 2,2,2016,LTZZ,2
LTZZZ,Extra-Regio NUTS 3,3,2016,LTZZZ,3
LT01,Sostinės regionas,2,2016,LT01,2
LT011,Vilniaus apskritis,3,2016,LT011,3
LT021,Alytaus apskritis,3,2016,LT021,3
LT022,Kauno apskritis,3,2016,LT022,3
LT023,Klaipėdos apskritis,3,2016,LT023,3
LT024,Marijampolės apskritis,3,2016,LT024,3
LT025,Panevėžio apskritis,3,2016,LT025,3
LT026,Šiaulių apskritis,3,2016,LT026,3
LT027,Tauragės apskritis,3,2016,LT027,3
LT028,Telšių apskritis,3,2016,LT028,3
LT029,Utenos apskritis,3,2016,LT029,3
DEA2D,Städteregion Aachen,3,2016,DEA2D,3
DED2C,Bautzen,3,2016,DED2C,3
DED2D,Görlitz,3,2016,DED2D,3
DED2E,Meißen,3,2016,DED2E,3
DED2F,Sächsische Schweiz-Osterzgebirge,3,2016,DED2F,3
DED42,Erzgebirgskreis,3,2016,DED42,3
DED43,Mittelsachsen,3,2016,DED43,3
DED44,Vogtlandkreis,3,2016,DED44,3
DED45,Zwickau,3,2016,DED45,3
DED52,Leipzig,3,2016,DED52,3
DED53,Nordsachsen,3,2016,DED53,3
FI1B,Helsinki-Uusimaa,2,2016,FI1B,2
FI1B1,Helsinki-Uusimaa,3,2016,FI1B1,3
FI1D,Pohjois- ja Itä-Suomi,2,2016,FI1D,2
HR04,Kontinentalna Hrvatska,2,2016,HR04,2
ITF48,Barletta-Andria-Trani,3,2016,ITF48,3
DE91C,Göttingen,3,2016,DE91C,3
FRC,BOURGOGNE-FRANCHE-COMTÉ,1,2016,FRC,1
FRE,NORD-PAS DE CALAIS-PICARDIE,1,2016,FRE,1
FRF,ALSACE-CHAMPAGNE-ARDENNE-LORRAINE,1,2016,FRF,1
FRI,AQUITAINE-LIMOUSIN-POITOU-CHARENTES,1,2016,FRI,1
FRJ,LANGUEDOC-ROUSSILLON-MIDI-PYRÉNÉES,1,2016,FRJ,1
FRK,AUVERGNE-RHÔNE-ALPES,1,2016,FRK,1
IE05,Southern,2,2016,IE05,2
IE06,Eastern and Midland,2,2016,IE06,2
PL91,Warszawski stołeczny,2,2016,PL91,2
LT02,Vidurio ir vakarų Lietuvos regionas,2,2016,LT02,2
AL031,Berat,3,2016,AL031,3
AL022,Tiranë,3,2016,AL022,3
AL032,Fier,3,2016,AL032,3
AL033,Gjirokastër,3,2016,AL033,3
AL034,Korcë,3,2016,AL034,3
AL035,Vlorë,3,2016,AL035,3
AL011,Dibër,3,2016,AL011,3
AL012,Durrës,3,2016,AL012,3
AL013,Kukës,3,2016,AL013,3
AL021,Elbasan,3,2016,AL021,3
AL014,Lezhë,3,2016,AL014,3
AL015,Shkodër,3,2016,AL015,3
NO060,Trøndelag,3,2016,NO060,3
TR72,"Kayseri, Sivas, Yozgat",2,,TR72,2
RS125,Севернобачка област,3,2016,RS125,3
RS126,Средњобанатска област,3,2016,RS126,3
RS127,Сремска област,3,2016,RS127,3
RS211,Златиборска област,3,2016,RS211,3
RS212,Колубарска област,3,2016,RS212,3
RS213,Мачванска област,3,2016,RS213,3
RS214,Моравичка област,3,2016,RS214,3
RS215,Поморавска област,3,2016,RS215,3
RS216,Расинска област,3,2016,RS216,3
RS217,Рашка област,3,2016,RS217,3
RS218,Шумадијска област,3,2016,RS218,3
RS221,Борска област,3,2016,RS221,3
RS222,Браничевска област,3,2016,RS222,3
RS223,Зајечарска област,3,2016,RS223,3
RS224,Јабланичка област,3,2016,RS224,3
RS225,Нишавска област,3,2016,RS225,3
RS226,Пиротска област,3,2016,RS226,3
RS227,Подунавска област,3,2016,RS227,3
RS228,Пчињска област,3,2016,RS228,3
RS229,Топличка област,3,2016,RS229,3
RS121,Западнобачка област,3,2016,RS121,3
RS110,Београдска област,3,2016,RS110,3
RS124,Севернобанатска област,3,2016,RS124,3
RS122,Јужнобанатска област,3,2016,RS122,3
RS123,Јужнобачка област,3,2016,RS123,3
CH02,Espace Mittelland,2,,CH02,2
CH03,Nordwestschweiz,2,,CH03,2
CH04,Zürich,2,,CH04,2
CH05,Ostschweiz,2,,CH05,2
CH06,Zentralschweiz,2,,CH06,2
CH01,Région lémanique,2,,CH01,2
CH07,Ticino,2,,CH07,2
CH0,SCHWEIZ/SUISSE/SVIZZERA,1,,CH0,1
CH,SCHWEIZ/SUISSE/SVIZZERA,,,CH,
BE22,Prov. Limburg (BE),2,2016,BE22,2
BE34,Prov. Luxembourg (BE),2,2016,BE34,2
BG31,Северозападен,2,2016,BG31,2
BG32,Северен централен,2,2016,BG32,2
BG33,Североизточен,2,2016,BG33,2
BG34,Югоизточен,2,2016,BG34,2
BG3,СЕВЕРНА И ЮГОИЗТОЧНА БЪЛГАРИЯ,1,2016,BG3,1
BG4,ЮГОЗАПАДНА И ЮЖНА ЦЕНТРАЛНА БЪЛГАРИЯ,1,2016,BG4,1
CY0,ΚΥΠΡΟΣ,1,2016,CY0,1
DED,SACHSEN,1,2016,DED,1
AT1,OSTÖSTERREICH,1,2016,AT1,1
AT2,SÜDÖSTERREICH,1,2016,AT2,1
AT3,WESTÖSTERREICH,1,2016,AT3,1
BE1,RÉGION DE BRUXELLES-CAPITALE / BRUSSELS HOOFDSTEDELIJK GEWEST,1,2016,BE1,1
BE10,Région de Bruxelles-Capitale / Brussels Hoofdstedelijk Gewest,2,2016,BE10,2
BE2,VLAAMS GEWEST,1,2016,BE2,1
BE21,Prov. Antwerpen,2,2016,BE21,2
BE23,Prov. Oost-Vlaanderen,2,2016,BE23,2
BE24,Prov. Vlaams-Brabant,2,2016,BE24,2
BE25,Prov. West-Vlaanderen,2,2016,BE25,2
BE3,RÉGION WALLONNE,1,2016,BE3,1
BE31,Prov. Brabant Wallon,2,2016,BE31,2
BE32,Prov. Hainaut,2,2016,BE32,2
BE33,Prov. Liège,2,2016,BE33,2
DEC,SAARLAND,1,2016,DEC,1
EA17,,2,,EA17,2
EA18,,2,,EA18,2
EA19,,2,,EA19,2
BE35,Prov. Namur,2,2016,BE35,2
CZ0,ČESKÁ REPUBLIKA,1,2016,CZ0,1
DE1,BADEN-WÜRTTEMBERG,1,2016,DE1,1
DE2,BAYERN,1,2016,DE2,1
DE3,BERLIN,1,2016,DE3,1
DE4,BRANDENBURG,1,2016,DE4,1
DE5,BREMEN,1,2016,DE5,1
DE6,HAMBURG,1,2016,DE6,1
DE7,HESSEN,1,2016,DE7,1
DE8,MECKLENBURG-VORPOMMERN,1,2016,DE8,1
DE9,NIEDERSACHSEN,1,2016,DE9,1
DEA,NORDRHEIN-WESTFALEN,1,2016,DEA,1
DEB,RHEINLAND-PFALZ,1,2016,DEB,1
DEE,SACHSEN-ANHALT,1,2016,DEE,1
DEF,SCHLESWIG-HOLSTEIN,1,2016,DEF,1
DEG,THÜRINGEN,1,2016,DEG,1
DK0,DANMARK,1,2016,DK0,1
EE0,EESTI,1,2016,EE0,1
EL11,,2,,EL11,2
EL12,,2,,EL12,2
EL13,,2,,EL13,2
EL14,,2,,EL14,2
EL21,,2,,EL21,2
EL22,,2,,EL22,2
EL23,,2,,EL23,2
EL24,,2,,EL24,2
EL25,,2,,EL25,2
EU15,,2,,EU15,2
EU27,,2,,EU27,2
EU28,,2,,EU28,2
FR91,,2,,FR91,2
FR92,,2,,FR92,2
FR93,,2,,FR93,2
FR94,,2,,FR94,2
EL1,,1,,EL1,1
EL2,,1,,EL2,1
FR9,,1,,FR9,1
MK00,Severna Makedonija,2,,MK00,2
NO02,Hedmark og Oppland,2,,NO02,2
NO03,Sør-Østlandet,2,,NO03,2
NO04,Agder og Rogaland,2,,NO04,2
NO05,Vestlandet,2,,NO05,2
NO06,Trøndelag,2,,NO06,2
NO07,Nord-Norge,2,,NO07,2
NO01,Oslo og Akershus,2,,NO01,2
IS00,Ísland,2,,IS00,2
NO0,NORGE,1,,NO0,1
IS0,ÍSLAND,1,,IS0,1
MK0,Severna Makedonija,1,,MK0,1
IS,ÍSLAND,,,IS,
NO,NORGE,,,NO,
MK,North Macedonia,,,MK,
SI01,,2,,SI01,2
SI02,,2,,SI02,2
TR82,"Kastamonu, Çankiri, Sinop",2,,TR82,2
TR83,"Samsun, Tokat, Çorum, Amasya",2,,TR83,2
UKI1,,2,,UKI1,2
UKI2,,2,,UKI2,2
TR90,Trabzon,2,,TR90,2
TRA1,"Erzurum, Erzincan, Bayburt",2,,TRA1,2
TRA2,"Agri, Kars, Igdir, Ardahan",2,,TRA2,2
TRB1,"Malatya, Elazig, Bingöl, Tunceli",2,,TRB1,2
TRB2,"Van, Mus, Bitlis, Hakkari",2,,TRB2,2
TR63,"Hatay, Kahramanmaras, Osmaniye",2,,TR63,2
TR71,"Kirikkale, Aksaray, Nigde, Nevsehir, Kirsehir",2,,TR71,2
TRC1,"Gaziantep, Adiyaman, Kilis",2,,TRC1,2
TRC2,"Sanliurfa, Diyarbakir",2,,TRC2,2
TRC3,"Mardin, Batman, Sirnak, Siirt",2,,TRC3,2
TR81,"Zonguldak, Karabük, Bartin",2,,TR81,2
TR33,"Manisa, Afyonkarahisar, Kütahya, Usak",2,,TR33,2
TR41,"Bursa, Eskisehir, Bilecik",2,,TR41,2
TR22,"Balikesir, Çanakkale",2,,TR22,2
TR21,"Tekirdag, Edirne, Kirklareli",2,,TR21,2
TR61,"Antalya, Isparta, Burdur",2,,TR61,2
TR62,"Adana, Mersin",2,,TR62,2
TR31,Izmir,2,,TR31,2
TR42,"Kocaeli, Sakarya, Düzce, Bolu, Yalova",2,,TR42,2
TR51,Ankara,2,,TR51,2
TR52,"Konya, Karaman",2,,TR52,2
TR10,Istanbul,2,,TR10,2
TR32,"Aydin, Denizli, Mugla",2,,TR32,2
TR1,ISTANBUL,1,,TR1,1
TR2,BATI MARMARA,1,,TR2,1
TRC,GÜNEYDOGU ANADOLU,1,,TRC,1
TR7,ORTA ANADOLU,1,,TR7,1
TR6,AKDENIZ,1,,TR6,1
TR8,BATI KARADENIZ,1,,TR8,1
TR4,DOGU MARMARA,1,,TR4,1
TR3,EGE,1,,TR3,1
TRA,KUZEYDOGU ANADOLU,1,,TRA,1
TR9,DOGU KARADENIZ,1,,TR9,1
TR5,BATI ANADOLU,1,,TR5,1
TRB,ORTADOGU ANADOLU,1,,TRB,1
TR,TÜRKIYE,,,TR,
PT16,Centro (PT),2,2016,PT16,2
PT17,Área Metropolitana de Lisboa,2,2016,PT17,2
RO31,Sud-Muntenia,2,2016,RO31,2
RO32,Bucureşti-Ilfov,2,2016,RO32,2
RO1,MACROREGIUNEA UNU,1,2016,RO1,1
RO2,MACROREGIUNEA DOI,1,2016,RO2,1
RO3,MACROREGIUNEA TREI,1,2016,RO3,1
RO4,MACROREGIUNEA PATRU,1,2016,RO4,1
SK0,SLOVENSKO,1,2016,SK0,1
SE1,ÖSTRA SVERIGE,1,2016,SE1,1
SE2,SÖDRA SVERIGE,1,2016,SE2,1
SE3,NORRA SVERIGE,1,2016,SE3,1
PL63,Pomorskie,2,2016,PL63,2
PT1,CONTINENTE,1,2016,PT1,1
PT11,Norte,2,2016,PT11,2
PT15,Algarve,2,2016,PT15,2
PT18,Alentejo,2,2016,PT18,2
PT2,REGIÃO AUTÓNOMA DOS AÇORES,1,2016,PT2,1
PT20,Região Autónoma dos Açores,2,2016,PT20,2
PT3,REGIÃO AUTÓNOMA DA MADEIRA,1,2016,PT3,1
PT30,Região Autónoma da Madeira,2,2016,PT30,2
RO11,Nord-Vest,2,2016,RO11,2
RO12,Centru,2,2016,RO12,2
RO21,Nord-Est,2,2016,RO21,2
RO22,Sud-Est,2,2016,RO22,2
RO41,Sud-Vest Oltenia,2,2016,RO41,2
RO42,Vest,2,2016,RO42,2
SI0,SLOVENIJA,1,2016,SI0,1
UKC,NORTH EAST (ENGLAND),1,2016,UKC,1
UKD,NORTH WEST (ENGLAND),1,2016,UKD,1
UKE,YORKSHIRE AND THE HUMBER,1,2016,UKE,1
UKF,EAST MIDLANDS (ENGLAND),1,2016,UKF,1
UKG,WEST MIDLANDS (ENGLAND),1,2016,UKG,1
UKH,EAST OF ENGLAND,1,2016,UKH,1
UKI,LONDON,1,2016,UKI,1
BG325,Силистра,3,2016,BG325,3
BG334,Търговище,3,2016,BG334,3
BG424,Смолян,3,2016,BG424,3
DE80J,Mecklenburgische Seenplatte,3,2016,DE80J,3
DE80K,Landkreis Rostock,3,2016,DE80K,3
DE80L,Vorpommern-Rügen,3,2016,DE80L,3
DE80M,Nordwestmecklenburg,3,2016,DE80M,3
DE80N,Vorpommern-Greifswald,3,2016,DE80N,3
DE80O,Ludwigslust-Parchim,3,2016,DE80O,3
EL411,"Λέσβος, Λήμνος",3,2016,EL411,3
EL623,"Ιθάκη, Κεφαλληνία",3,2016,EL623,3
EL413,Χίος,3,2016,EL413,3
EL511,Έβρος,3,2016,EL511,3
EL512,Ξάνθη,3,2016,EL512,3
EL513,Ροδόπη,3,2016,EL513,3
EL514,Δράμα,3,2016,EL514,3
EL515,"Θάσος, Καβάλα",3,2016,EL515,3
EL521,Ημαθία,3,2016,EL521,3
EL522,Θεσσαλονίκη,3,2016,EL522,3
EL523,Κιλκίς,3,2016,EL523,3
EL524,Πέλλα,3,2016,EL524,3
EL525,Πιερία,3,2016,EL525,3
EL526,Σέρρες,3,2016,EL526,3
EL527,Χαλκιδική,3,2016,EL527,3
EL532,Καστοριά,3,2016,EL532,3
EL533,Φλώρινα,3,2016,EL533,3
EL542,Θεσπρωτία,3,2016,EL542,3
EL543,Ιωάννινα,3,2016,EL543,3
EL612,Λάρισα,3,2016,EL612,3
EL613,"Μαγνησία, Σποράδες",3,2016,EL613,3
EL621,Ζάκυνθος,3,2016,EL621,3
EL622,Κέρκυρα,3,2016,EL622,3
EL624,Λευκάδα,3,2016,EL624,3
EL631,Αιτωλοακαρνανία,3,2016,EL631,3
EL632,Αχαΐα,3,2016,EL632,3
EL633,Ηλεία,3,2016,EL633,3
EL641,Βοιωτία,3,2016,EL641,3
EL642,Εύβοια,3,2016,EL642,3
EL643,Ευρυτανία,3,2016,EL643,3
EL644,Φθιώτιδα,3,2016,EL644,3
EL645,Φωκίδα,3,2016,EL645,3
EL652,Κορινθία,3,2016,EL652,3
EL301,Βόρειος Τομέας Αθηνών,3,2016,EL301,3
EL302,Δυτικός Τομέας Αθηνών,3,2016,EL302,3
EL303,Κεντρικός Τομέας Αθηνών,3,2016,EL303,3
EL304,Νότιος Τομέας Αθηνών,3,2016,EL304,3
EL305,Ανατολική Αττική,3,2016,EL305,3
EL306,Δυτική Αττική,3,2016,EL306,3
EL307,"Πειραιάς, Νήσοι",3,2016,EL307,3
EL531,"Γρεβενά, Κοζάνη (Grevena, Kozani)",3,2016,EL531,3
EL541,"Άρτα, Πρέβεζα (Arta, Preveza)",3,2016,EL541,3
EL611,"Καρδίτσα, Τρίκαλα (Karditsa, Trikala)",3,2016,EL611,3
EL651,"Αργολίδα, Αρκαδία (Argolida, Arkadia)",3,2016,EL651,3
EL653,"Λακωνία, Μεσσηνία (Lakonia, Messinia)",3,2016,EL653,3
ES630,Ceuta,3,2016,ES630,3
ES640,Melilla,3,2016,ES640,3
ES703,El Hierro,3,2016,ES703,3
ES706,La Gomera,3,2016,ES706,3
HR032,Ličko-senjska županija,3,2016,HR032,3
HR048,Virovitičko-podravska županija,3,2016,HR048,3
FRA10,Guadeloupe,3,,FRA10,3
FRA20,Martinique,3,,FRA20,3
FRA30,Guyane,3,,FRA30,3
FRA40,La Réunion,3,,FRA40,3
FRA50,Mayotte,3,,FRA50,3
MK003,Југозападен,3,,MK003,3
MK004,Југоисточен,3,,MK004,3
MK005,Пелагониски,3,,MK005,3
MK006,Полошки,3,,MK006,3
MK007,Североисточен,3,,MK007,3
MK008,Скопски,3,,MK008,3
MK001,Вардарски,3,,MK001,3
MK002,Источен,3,,MK002,3
PL428,Szczeciński,3,2016,PL428,3
PL426,Koszaliński,3,2016,PL426,3
PL427,Szczecinecko-pyrzycki,3,2016,PL427,3
PT11B,Alto Tâmega,3,2016,PT11B,3
PT11C,Tâmega e Sousa,3,2016,PT11C,3
PT11E,Terras de Trás-os-Montes,3,2016,PT11E,3
PT16F,Região de Leiria,3,2016,PT16F,3
PT16G,Viseu Dão Lafões,3,2016,PT16G,3
PL218,Nowosądecki,3,2016,PL218,3
PL21A,Oświęcimski,3,2016,PL21A,3
PL523,Nyski,3,2016,PL523,3
PL524,Opolski,3,2016,PL524,3
PL616,Grudziądzki,3,2016,PL616,3
PL619,Włocławski,3,2016,PL619,3
PL636,Słupski,3,2016,PL636,3
PL638,Starogardzki,3,2016,PL638,3
PT119,Ave,3,2016,PT119,3
PT11A,Área Metropolitana do Porto,3,2016,PT11A,3
PT11D,Douro,3,2016,PT11D,3
PT186,Alto Alentejo,3,2016,PT186,3
PT187,Alentejo Central,3,2016,PT187,3
PL219,Nowotarski,3,2016,PL219,3
PL617,Inowrocławski,3,2016,PL617,3
PL618,Świecki,3,2016,PL618,3
PL637,Chojnicki,3,2016,PL637,3
PL12B,Ciechanowski,3,,PL12B,3
PL12C,Płocki,3,,PL12C,3
PL12D,Ostrołęcki,3,,PL12D,3
PL12E,Siedlecki,3,,PL12E,3
PT16D,Região de Aveiro,3,2016,PT16D,3
PT16E,Região de Coimbra,3,2016,PT16E,3
PT16H,Beira Baixa,3,2016,PT16H,3
PT16I,Médio Tejo,3,2016,PT16I,3
PT16J,Beiras e Serra da Estrela,3,2016,PT16J,3
PT170,Área Metropolitana de Lisboa,3,2016,PT170,3
RO226,Vrancea,3,2016,RO226,3
RO312,Călăraşi,3,2016,RO312,3
RO315,Ialomiţa,3,2016,RO315,3
SI036,Posavska,3,2016,SI036,3
SI038,Primorsko-notranjska,3,2016,SI038,3
SI031,Pomurska,3,2016,SI031,3
SI032,Podravska,3,2016,SI032,3
SI033,Koroška,3,2016,SI033,3
SI034,Savinjska,3,2016,SI034,3
SI035,Zasavska,3,2016,SI035,3
SI037,Jugovzhodna Slovenija,3,2016,SI037,3
SI041,Osrednjeslovenska,3,2016,SI041,3
SI042,Gorenjska,3,2016,SI042,3
SI043,Goriška,3,2016,SI043,3
SI044,Obalno-kraška,3,2016,SI044,3
UKD33,Manchester,3,2016,UKD33,3
UKD34,Greater Manchester South West,3,2016,UKD34,3
UKD35,Greater Manchester South East,3,2016,UKD35,3
UKD36,Greater Manchester North West,3,2016,UKD36,3
UKD37,Greater Manchester North East,3,2016,UKD37,3
UKD44,Lancaster and Wyre,3,2016,UKD44,3
UKD45,Mid Lancashire,3,2016,UKD45,3
UKD46,East Lancashire,3,2016,UKD46,3
UKD47,Chorley and West Lancashire,3,2016,UKD47,3
UKH15,Norwich and East Norfolk,3,2016,UKH15,3
UKH16,North and West Norfolk,3,2016,UKH16,3
UKH17,Breckland and South Norfolk,3,2016,UKH17,3
UKH34,Essex Haven Gateway,3,2016,UKH34,3
UKH35,West Essex,3,2016,UKH35,3
UKH36,Heart of Essex,3,2016,UKH36,3
UKH37,Essex Thames Gateway,3,2016,UKH37,3
UKI31,Camden and City of London,3,2016,UKI31,3
UKI32,Westminster,3,2016,UKI32,3
UKI33,Kensington & Chelsea and Hammersmith & Fulham,3,2016,UKI33,3
UKI34,Wandsworth,3,2016,UKI34,3
UKI41,Hackney and Newham,3,2016,UKI41,3
UKI42,Tower Hamlets,3,2016,UKI42,3
UKI43,Haringey and Islington,3,2016,UKI43,3
UKI44,Lewisham and Southwark,3,2016,UKI44,3
UKI45,Lambeth,3,2016,UKI45,3
UKI51,Bexley and Greenwich,3,2016,UKI51,3
UKI52,Barking & Dagenham and Havering,3,2016,UKI52,3
UKI53,Redbridge and Waltham Forest,3,2016,UKI53,3
UKI54,Enfield,3,2016,UKI54,3
UKI61,Bromley,3,2016,UKI61,3
UKI62,Croydon,3,2016,UKI62,3
UKI63,"Merton, Kingston upon Thames and Sutton",3,2016,UKI63,3
UKI71,Barnet,3,2016,UKI71,3
UKI72,Brent,3,2016,UKI72,3
UKI73,Ealing,3,2016,UKI73,3
UKI74,Harrow and Hillingdon,3,2016,UKI74,3
UKI75,Hounslow and Richmond upon Thames,3,2016,UKI75,3
UKJ25,West Surrey,3,2016,UKJ25,3
UKJ26,East Surrey,3,2016,UKJ26,3
UKJ27,West Sussex (South West),3,2016,UKJ27,3
UKJ28,West Sussex (North East),3,2016,UKJ28,3
UKJ35,South Hampshire,3,2016,UKJ35,3
UKJ36,Central Hampshire,3,2016,UKJ36,3
UKJ37,North Hampshire,3,2016,UKJ37,3
UKJ43,Kent Thames Gateway,3,2016,UKJ43,3
UKJ44,East Kent,3,2016,UKJ44,3
UKJ45,Mid Kent,3,2016,UKJ45,3
UKJ46,West Kent,3,2016,UKJ46,3
FRA5,Mayotte,2,,FRA5,2
CN_X_HK,,,,CN_X_HK,
JP,,,,JP,
KR,,,,KR,
ME00,Црна Гора,2,,ME00,2
ME0,ЦРНА ГОРА,1,,ME0,1
RU,,,,RU,
US,,,,US,
ME,ЦРНА ГОРА,,,ME,
RS,REPUBLIKA SRBIJA /РЕПУБЛИКА СРБИЈА,,,RS,
AT126,Wiener Umland / Nordteil,3,2016,AT126,3
AT127,Wiener Umland / Südteil,3,2016,AT127,3
AT111,Mittelburgenland,3,2016,AT111,3
AT112,Nordburgenland,3,2016,AT112,3
AT113,Südburgenland,3,2016,AT113,3
AT121,Mostviertel-Eisenwurzen,3,2016,AT121,3
AT122,Niederösterreich-Süd,3,2016,AT122,3
AT123,Sankt Pölten,3,2016,AT123,3
AT124,Waldviertel,3,2016,AT124,3
AT125,Weinviertel,3,2016,AT125,3
AT130,Wien,3,2016,AT130,3
AT211,Klagenfurt-Villach,3,2016,AT211,3
AT212,Oberkärnten,3,2016,AT212,3
AT213,Unterkärnten,3,2016,AT213,3
AT221,Graz,3,2016,AT221,3
AT222,Liezen,3,2016,AT222,3
AT223,Östliche Obersteiermark,3,2016,AT223,3
AT224,Oststeiermark,3,2016,AT224,3
AT225,West- und Südsteiermark,3,2016,AT225,3
AT226,Westliche Obersteiermark,3,2016,AT226,3
AT311,Innviertel,3,2016,AT311,3
AT312,Linz-Wels,3,2016,AT312,3
AT313,Mühlviertel,3,2016,AT313,3
AT314,Steyr-Kirchdorf,3,2016,AT314,3
AT315,Traunviertel,3,2016,AT315,3
AT321,Lungau,3,2016,AT321,3
AT322,Pinzgau-Pongau,3,2016,AT322,3
AT323,Salzburg und Umgebung,3,2016,AT323,3
CH051,Glarus,3,,CH051,3
CH052,Schaffhausen,3,,CH052,3
CH053,Appenzell Ausserrhoden,3,,CH053,3
ATXX,,2,,ATXX,2
BEXX,,2,,BEXX,2
CH054,Appenzell Innerrhoden,3,,CH054,3
CH055,St. Gallen,3,,CH055,3
CH056,Graubünden,3,,CH056,3
ATXXX,,3,,ATXXX,3
BEXXX,,3,,BEXXX,3
BGXXX,,3,,BGXXX,3
CHXXX,,3,,CHXXX,3
CHZZZ,,3,,CHZZZ,3
CZXXX,,3,,CZXXX,3
BGXX,,2,,BGXX,2
CHXX,,2,,CHXX,2
CHZZ,,2,,CHZZ,2
CZXX,,2,,CZXX,2
CH011,Vaud,3,,CH011,3
ATX,,1,,ATX,1
BEX,,1,,BEX,1
BGX,,1,,BGX,1
CHX,,1,,CHX,1
CHZ,,1,,CHZ,1
CZX,,1,,CZX,1
CH025,Jura,3,,CH025,3
CH031,Basel-Stadt,3,,CH031,3
CH032,Basel-Landschaft,3,,CH032,3
CH063,Schwyz,3,,CH063,3
CH064,Obwalden,3,,CH064,3
CH065,Nidwalden,3,,CH065,3
CH066,Zug,3,,CH066,3
CH033,Aargau,3,,CH033,3
CZZZ,Extra-Regio NUTS 2,2,2016,CZZZ,2
BEZZZ,Extra-Regio NUTS 3,3,2016,BEZZZ,3
CZZZZ,Extra-Regio NUTS 3,3,2016,CZZZZ,3
ATZZZ,Extra-Regio NUTS 3,3,2016,ATZZZ,3
CZZ,EXTRA-REGIO NUTS 1,1,2016,CZZ,1
CH040,Zürich,3,,CH040,3
CH070,Ticino,3,,CH070,3
CH021,Bern,3,,CH021,3
CH024,Neuchâtel,3,,CH024,3
CH023,Solothurn,3,,CH023,3
CH022,Freiburg,3,,CH022,3
CH013,Genève,3,,CH013,3
CH012,Valais,3,,CH012,3
CH057,Thurgau,3,,CH057,3
CH061,Luzern,3,,CH061,3
CH062,Uri,3,,CH062,3
DE801,,3,,DE801,3
DE802,,3,,DE802,3
DE805,,3,,DE805,3
DE806,,3,,DE806,3
DE807,,3,,DE807,3
DE808,,3,,DE808,3
DE809,,3,,DE809,3
DE80A,,3,,DE80A,3
DE80B,,3,,DE80B,3
DE80C,,3,,DE80C,3
DE80D,,3,,DE80D,3
DE80E,,3,,DE80E,3
DE80F,,3,,DE80F,3
DE80G,,3,,DE80G,3
DE80H,,3,,DE80H,3
DE80I,,3,,DE80I,3
DEXXX,,3,,DEXXX,3
DEXX,,2,,DEXX,2
DEX,,1,,DEX,1
DKXX,,2,,DKXX,2
EEXX,,2,,EEXX,2
DKXXX,,3,,DKXXX,3
EEXXX,,3,,EEXXX,3
EL111,,3,,EL111,3
EL112,,3,,EL112,3
EL113,,3,,EL113,3
EL114,,3,,EL114,3
EL115,,3,,EL115,3
EL121,,3,,EL121,3
EL122,,3,,EL122,3
EL123,,3,,EL123,3
EL124,,3,,EL124,3
EL125,,3,,EL125,3
EL126,,3,,EL126,3
EL127,,3,,EL127,3
EL132,,3,,EL132,3
EL133,,3,,EL133,3
EL134,,3,,EL134,3
EL141,,3,,EL141,3
EL142,,3,,EL142,3
EL143,,3,,EL143,3
EL144,,3,,EL144,3
EL211,,3,,EL211,3
EL212,,3,,EL212,3
EL213,,3,,EL213,3
EL214,,3,,EL214,3
EL222,,3,,EL222,3
EL231,,3,,EL231,3
EL232,,3,,EL232,3
EL233,,3,,EL233,3
EL241,,3,,EL241,3
EL242,,3,,EL242,3
EL243,,3,,EL243,3
EL244,,3,,EL244,3
EL245,,3,,EL245,3
EL251,,3,,EL251,3
EL252,,3,,EL252,3
EL253,,3,,EL253,3
EL254,,3,,EL254,3
EL255,,3,,EL255,3
EL300,,3,,EL300,3
ELXXX,,3,,ELXXX,3
ESXXX,,3,,ESXXX,3
FIXXX,,3,,FIXXX,3
ELXX,,2,,ELXX,2
ESXX,,2,,ESXX,2
FIXX,,2,,FIXX,2
DKX,,1,,DKX,1
EEX,,1,,EEX,1
ELX,,1,,ELX,1
ESX,,1,,ESX,1
FIX,,1,,FIX,1
EEZZ,Extra-Regio NUTS 2,2,2016,EEZZ,2
EEZZZ,Extra-Regio NUTS 3,3,2016,EEZZZ,3
ESZZZ,Extra-Regio NUTS 3,3,2016,ESZZZ,3
EEZ,EXTRA-REGIO NUTS 1,1,2016,EEZ,1
ELZZZ,Extra-Regio NUTS 3,3,2016,ELZZZ,3
IS002,Landsbyggð,3,,IS002,3
IS001,Höfuðborgarsvæði,3,,IS001,3
FRXX,,2,,FRXX,2
HUXX,,2,,HUXX,2
IEXX,,2,,IEXX,2
FR910,,3,,FR910,3
FR920,,3,,FR920,3
FR930,,3,,FR930,3
FR940,,3,,FR940,3
FRXXX,,3,,FRXXX,3
HUXXX,,3,,HUXXX,3
IEXXX,,3,,IEXXX,3
ISXXX,,3,,ISXXX,3
ISZZZ,,3,,ISZZZ,3
ISXX,,2,,ISXX,2
ISZZ,,2,,ISZZ,2
FRX,,1,,FRX,1
HUX,,1,,HUX,1
IEX,,1,,IEX,1
ISX,,1,,ISX,1
ISZ,,1,,ISZ,1
HUZZ,Extra-Regio NUTS 2,2,2016,HUZZ,2
IEZZZ,Extra-Regio NUTS 3,3,2016,IEZZZ,3
FRZZZ,Extra-Regio NUTS 3,3,2016,FRZZZ,3
HUZZZ,Extra-Regio NUTS 3,3,2016,HUZZZ,3
HUZ,EXTRA-REGIO NUTS 1,1,2016,HUZ,1
HRZZZ,Extra-Regio NUTS 3,3,2016,HRZZZ,3
ITXX,,2,,ITXX,2
ITXXX,,3,,ITXXX,3
ITX,,1,,ITX,1
LUZZ,Extra-Regio NUTS 2,2,2016,LUZZ,2
LUZ,EXTRA-REGIO NUTS 1,1,2016,LUZ,1
ITZZZ,Extra-Regio NUTS 3,3,2016,ITZZZ,3
LVZZZ,Extra-Regio NUTS 3,3,2016,LVZZZ,3
LUZZZ,Extra-Regio NUTS 3,3,2016,LUZZZ,3
NLXX,,2,,NLXX,2
NOXX,,2,,NOXX,2
NLXXX,,3,,NLXXX,3
NOXXX,,3,,NOXXX,3
PL121,,3,,PL121,3
PL122,,3,,PL122,3
PL215,,3,,PL215,3
PL216,,3,,PL216,3
PL521,,3,,PL521,3
PL522,,3,,PL522,3
PL614,,3,,PL614,3
PL615,,3,,PL615,3
PL631,,3,,PL631,3
PL635,,3,,PL635,3
PLXXX,,3,,PLXXX,3
PT113,,3,,PT113,3
PT114,,3,,PT114,3
PT115,,3,,PT115,3
PT116,,3,,PT116,3
PT117,,3,,PT117,3
PT118,,3,,PT118,3
PT161,,3,,PT161,3
PT162,,3,,PT162,3
PT163,,3,,PT163,3
PT164,,3,,PT164,3
PT165,,3,,PT165,3
PT166,,3,,PT166,3
PT167,,3,,PT167,3
PT168,,3,,PT168,3
PT169,,3,,PT169,3
PT16A,,3,,PT16A,3
PT16C,,3,,PT16C,3
PT171,,3,,PT171,3
PT172,,3,,PT172,3
PT182,,3,,PT182,3
PT183,,3,,PT183,3
PTXXX,,3,,PTXXX,3
PLXX,,2,,PLXX,2
PTXX,,2,,PTXX,2
NLX,,1,,NLX,1
NOX,,1,,NOX,1
PLX,,1,,PLX,1
PTX,,1,,PTX,1
PTZZZ,Extra-Regio NUTS 3,3,2016,PTZZZ,3
PLZZZ,Extra-Regio NUTS 3,3,2016,PLZZZ,3
TR901,Trabzon,3,,TR901,3
TR713,Nigde,3,,TR713,3
TR902,Ordu,3,,TR902,3
TR421,Kocaeli,3,,TR421,3
TR521,Konya,3,,TR521,3
TR611,Antalya,3,,TR611,3
ROXX,,2,,ROXX,2
TR621,Adana,3,,TR621,3
TR631,Hatay,3,,TR631,3
TR812,Karabük,3,,TR812,3
ROXXX,,3,,ROXXX,3
SEXXX,,3,,SEXXX,3
SI011,,3,,SI011,3
SI012,,3,,SI012,3
SI013,,3,,SI013,3
SI014,,3,,SI014,3
SI015,,3,,SI015,3
SI016,,3,,SI016,3
SI017,,3,,SI017,3
SI018,,3,,SI018,3
SI021,,3,,SI021,3
SI022,,3,,SI022,3
SI023,,3,,SI023,3
SI024,,3,,SI024,3
SIXXX,,3,,SIXXX,3
SKXXX,,3,,SKXXX,3
TRXXX,,3,,TRXXX,3
TRZZZ,,3,,TRZZZ,3
UKD31,,3,,UKD31,3
UKD32,,3,,UKD32,3
UKD43,,3,,UKD43,3
SEXX,,2,,SEXX,2
SIXX,,2,,SIXX,2
SKXX,,2,,SKXX,2
TRXX,,2,,TRXX,2
TRZZ,,2,,TRZZ,2
TRA11,Erzurum,3,,TRA11,3
TR425,Yalova,3,,TR425,3
ROX,,1,,ROX,1
SEX,,1,,SEX,1
SIX,,1,,SIX,1
SKX,,1,,SKX,1
TRX,,1,,TRX,1
TRZ,,1,,TRZ,1
TR831,Samsun,3,,TR831,3
TR832,Tokat,3,,TR832,3
TR424,Bolu,3,,TR424,3
TR510,Ankara,3,,TR510,3
TR322,Denizli,3,,TR322,3
TRB21,Van,3,,TRB21,3
TR211,Tekirdag,3,,TR211,3
TR323,Mugla,3,,TR323,3
TR100,Istanbul,3,,TR100,3
TR331,Manisa,3,,TR331,3
SIZZ,Extra-Regio NUTS 2,2,2016,SIZZ,2
SKZZ,Extra-Regio NUTS 2,2,2016,SKZZ,2
SIZZZ,Extra-Regio NUTS 3,3,2016,SIZZZ,3
SKZZZ,Extra-Regio NUTS 3,3,2016,SKZZZ,3
SEZZZ,Extra-Regio NUTS 3,3,2016,SEZZZ,3
SIZ,EXTRA-REGIO NUTS 1,1,2016,SIZ,1
SKZ,EXTRA-REGIO NUTS 1,1,2016,SKZ,1
TR411,Bursa,3,,TR411,3
TR321,Aydin,3,,TR321,3
TRB11,Malatya,3,,TRB11,3
TR310,Izmir,3,,TR310,3
TR422,Sakarya,3,,TR422,3
UKXX,,2,,UKXX,2
UKX,,1,,UKX,1
UKF21,Leicester,3,2016,UKF21,3
UKF22,Leicestershire CC and Rutland,3,2016,UKF22,3
UKF30,Lincolnshire,3,2016,UKF30,3
UKG11,"Herefordshire, County of",3,2016,UKG11,3
UKG12,Worcestershire,3,2016,UKG12,3
UKG13,Warwickshire,3,2016,UKG13,3
UKG21,Telford and Wrekin,3,2016,UKG21,3
UKG22,Shropshire CC,3,2016,UKG22,3
UKG23,Stoke-on-Trent,3,2016,UKG23,3
UKG24,Staffordshire CC,3,2016,UKG24,3
UKG31,Birmingham,3,2016,UKG31,3
UKG32,Solihull,3,2016,UKG32,3
UKG33,Coventry,3,2016,UKG33,3
UKH11,Peterborough,3,2016,UKH11,3
UKZZZ,Extra-Regio NUTS 3,3,2016,UKZZZ,3
UKF24,West Northamptonshire,3,2016,UKF24,3
UKF25,North Northamptonshire,3,2016,UKF25,3
UKG36,Dudley,3,2016,UKG36,3
UKG37,Sandwell,3,2016,UKG37,3
UKH13,,3,,UKH13,3
UKH33,,3,,UKH33,3
UKI11,,3,,UKI11,3
UKI12,,3,,UKI12,3
UKI21,,3,,UKI21,3
UKI22,,3,,UKI22,3
UKI23,,3,,UKI23,3
UKJ23,,3,,UKJ23,3
UKJ24,,3,,UKJ24,3
UKJ33,,3,,UKJ33,3
UKJ42,,3,,UKJ42,3
UKXXX,,3,,UKXXX,3
UKG38,Walsall,3,2016,UKG38,3
UKG39,Wolverhampton,3,2016,UKG39,3
