nuts_3,nuts_2,nuts_1
TR715,TR71,TR7
TRC11,TRC1,TRC
TR412,TR41,TR4
TR413,TR41,TR4
NO051,NO05,NO0
NO052,NO05,NO0
NO053,NO05,NO0
NO071,NO07,NO0
NO072,NO07,NO0
NO073,NO07,NO0
NO032,NO03,NO0
NO042,NO04,NO0
NO033,NO03,NO0
NO031,NO03,NO0
ME000,ME00,ME0
TR721,TR72,TR7
TR632,TR63,TR6
TR906,TR90,TR9
TRC33,TRC3,TRC
TR612,TR61,TR6
TRC13,TRC1,TRC
TR723,TR72,TR7
TRC21,TRC2,TRC
TR622,TR62,TR6
TR823,TR82,TR8
TRB22,TRB2,TRB
TRB24,TRB2,TRB
TR221,TR22,TR2
LI000,LI00,LI0
ITG2?,ITG2,ITG
TR712,TR71,TR7
TR334,TR33,TR3
TRA13,TRA1,TRA
TRA24,TRA2,TRA
TR903,TR90,TR9
DE94A,DE94,DE9
DEA16,DEA1,DEA
DEB23,DEB2,DEB
DEB24,DEB2,DEB
DEC01,DEC0,DEC
DEE08,DEE0,DEE
DEE0C,DEE0,DEE
DEZZZ,DEZZ,DEZ
ITC20,ITC2,ITC
ITF11,ITF1,ITF
CY000,CY00,CY0
LU000,LU00,LU0
MTZZZ,MTZZ,MTZ
FIZZZ,FIZZ,FIZ
BG413,BG41,BG4
BG414,BG41,BG4
BG415,BG41,BG4
BG421,BG42,BG4
BG422,BG42,BG4
BG423,BG42,BG4
BG425,BG42,BG4
BGZZZ,BGZZ,BGZ
CZ063,CZ06,CZ0
DE21E,DE21,DE2
BG341,BG34,BG3
BG342,BG34,BG3
BG343,BG34,BG3
BG344,BG34,BG3
BG411,BG41,BG4
BG412,BG41,BG4
AT331,AT33,AT3
AT332,AT33,AT3
AT333,AT33,AT3
AT334,AT33,AT3
AT335,AT33,AT3
AT341,AT34,AT3
AT342,AT34,AT3
BE100,BE10,BE1
BE211,BE21,BE2
BE212,BE21,BE2
BE213,BE21,BE2
BE221,BE22,BE2
BE222,BE22,BE2
TRC31,TRC3,TRC
TR613,TR61,TR6
TRC12,TRC1,TRC
TR811,TR81,TR8
TR822,TR82,TR8
TR213,TR21,TR2
TR333,TR33,TR3
TRA22,TRA2,TRA
TRA23,TRA2,TRA
TR423,TR42,TR4
TRB12,TRB1,TRB
TR711,TR71,TR7
TR522,TR52,TR5
TR222,TR22,TR2
TRB14,TRB1,TRB
BE223,BE22,BE2
BE231,BE23,BE2
BE232,BE23,BE2
BE233,BE23,BE2
BE234,BE23,BE2
BE235,BE23,BE2
BE236,BE23,BE2
BE241,BE24,BE2
BE242,BE24,BE2
BE251,BE25,BE2
BE252,BE25,BE2
BE253,BE25,BE2
BE254,BE25,BE2
BE255,BE25,BE2
BE256,BE25,BE2
BE257,BE25,BE2
BE258,BE25,BE2
BE310,BE31,BE3
BE321,BE32,BE3
BE322,BE32,BE3
BE323,BE32,BE3
BE324,BE32,BE3
BE325,BE32,BE3
BE326,BE32,BE3
BE327,BE32,BE3
BE331,BE33,BE3
BE332,BE33,BE3
BE334,BE33,BE3
BE335,BE33,BE3
BE336,BE33,BE3
BE341,BE34,BE3
BE342,BE34,BE3
BE343,BE34,BE3
BE344,BE34,BE3
BE345,BE34,BE3
BE351,BE35,BE3
BE352,BE35,BE3
BE353,BE35,BE3
CZ010,CZ01,CZ0
CZ020,CZ02,CZ0
CZ031,CZ03,CZ0
CZ032,CZ03,CZ0
CZ041,CZ04,CZ0
CZ042,CZ04,CZ0
CZ051,CZ05,CZ0
CZ052,CZ05,CZ0
CZ053,CZ05,CZ0
CZ064,CZ06,CZ0
CZ071,CZ07,CZ0
CZ072,CZ07,CZ0
CZ080,CZ08,CZ0
DE111,DE11,DE1
DE112,DE11,DE1
DE113,DE11,DE1
DE114,DE11,DE1
DE115,DE11,DE1
DE116,DE11,DE1
DE117,DE11,DE1
DE118,DE11,DE1
DE119,DE11,DE1
DE11A,DE11,DE1
DE11B,DE11,DE1
DE11C,DE11,DE1
DE11D,DE11,DE1
DE121,DE12,DE1
DE137,DE13,DE1
DE138,DE13,DE1
DE139,DE13,DE1
DE13A,DE13,DE1
DE141,DE14,DE1
DE142,DE14,DE1
DE143,DE14,DE1
DE144,DE14,DE1
DE145,DE14,DE1
DE146,DE14,DE1
DE147,DE14,DE1
DE148,DE14,DE1
DE149,DE14,DE1
DE211,DE21,DE2
DE212,DE21,DE2
DE213,DE21,DE2
DE214,DE21,DE2
DE215,DE21,DE2
DE216,DE21,DE2
DE217,DE21,DE2
DE218,DE21,DE2
DE219,DE21,DE2
DE21A,DE21,DE2
DE21B,DE21,DE2
DE21C,DE21,DE2
DE21D,DE21,DE2
DE21F,DE21,DE2
DE21G,DE21,DE2
DE21H,DE21,DE2
DE21I,DE21,DE2
DE21J,DE21,DE2
DE21K,DE21,DE2
DE21L,DE21,DE2
DE21M,DE21,DE2
DE21N,DE21,DE2
DE221,DE22,DE2
DE222,DE22,DE2
DE223,DE22,DE2
DE224,DE22,DE2
DE225,DE22,DE2
DE226,DE22,DE2
DE227,DE22,DE2
DE228,DE22,DE2
DE229,DE22,DE2
DE22A,DE22,DE2
DE22B,DE22,DE2
DE22C,DE22,DE2
DE231,DE23,DE2
DE232,DE23,DE2
DE233,DE23,DE2
DE234,DE23,DE2
DE235,DE23,DE2
DE236,DE23,DE2
DE237,DE23,DE2
DE238,DE23,DE2
DE239,DE23,DE2
DE241,DE24,DE2
DE242,DE24,DE2
DE243,DE24,DE2
DE244,DE24,DE2
DE245,DE24,DE2
DE246,DE24,DE2
DE247,DE24,DE2
DE248,DE24,DE2
DE249,DE24,DE2
DE24A,DE24,DE2
DE24B,DE24,DE2
DE24C,DE24,DE2
DE24D,DE24,DE2
DE251,DE25,DE2
DE252,DE25,DE2
DE253,DE25,DE2
DE254,DE25,DE2
DE255,DE25,DE2
DE256,DE25,DE2
DE257,DE25,DE2
DE258,DE25,DE2
DE259,DE25,DE2
DE25A,DE25,DE2
DE25B,DE25,DE2
DE25C,DE25,DE2
DE261,DE26,DE2
DE262,DE26,DE2
DE263,DE26,DE2
DE264,DE26,DE2
DE265,DE26,DE2
DE266,DE26,DE2
DE267,DE26,DE2
DE268,DE26,DE2
DE269,DE26,DE2
DE26A,DE26,DE2
DE26B,DE26,DE2
DE26C,DE26,DE2
DE271,DE27,DE2
DE272,DE27,DE2
DE273,DE27,DE2
DE274,DE27,DE2
DE275,DE27,DE2
DE276,DE27,DE2
DE277,DE27,DE2
DE278,DE27,DE2
DE279,DE27,DE2
DE27A,DE27,DE2
DE27B,DE27,DE2
DE27C,DE27,DE2
DE27D,DE27,DE2
DE27E,DE27,DE2
DE300,DE30,DE3
DE501,DE50,DE5
DE502,DE50,DE5
DE600,DE60,DE6
DE711,DE71,DE7
DE712,DE71,DE7
DE713,DE71,DE7
DE714,DE71,DE7
DE715,DE71,DE7
DE716,DE71,DE7
DE717,DE71,DE7
DE718,DE71,DE7
DE719,DE71,DE7
DE71A,DE71,DE7
DE71B,DE71,DE7
DE71C,DE71,DE7
DE71D,DE71,DE7
DE71E,DE71,DE7
DE721,DE72,DE7
DE722,DE72,DE7
DE723,DE72,DE7
DE724,DE72,DE7
DE725,DE72,DE7
DE731,DE73,DE7
DE732,DE73,DE7
DE733,DE73,DE7
DE734,DE73,DE7
DE735,DE73,DE7
DE736,DE73,DE7
DE737,DE73,DE7
DE803,DE80,DE8
DE804,DE80,DE8
DE911,DE91,DE9
DE912,DE91,DE9
DE913,DE91,DE9
DE914,DE91,DE9
DE916,DE91,DE9
DE917,DE91,DE9
DE918,DE91,DE9
DE91A,DE91,DE9
DE91B,DE91,DE9
DE922,DE92,DE9
DE923,DE92,DE9
DE925,DE92,DE9
DE926,DE92,DE9
DE93B,DE93,DE9
DE941,DE94,DE9
DE942,DE94,DE9
DE943,DE94,DE9
DE944,DE94,DE9
DE945,DE94,DE9
DE946,DE94,DE9
DE947,DE94,DE9
DE948,DE94,DE9
DE949,DE94,DE9
DE94B,DE94,DE9
DE94C,DE94,DE9
DE94D,DE94,DE9
DE94E,DE94,DE9
DE94F,DE94,DE9
DE94G,DE94,DE9
DE94H,DE94,DE9
DEA11,DEA1,DEA
DEA12,DEA1,DEA
DEA13,DEA1,DEA
DEA14,DEA1,DEA
DEA15,DEA1,DEA
DEB3K,DEB3,DEB
DEA17,DEA1,DEA
DEA18,DEA1,DEA
DEA19,DEA1,DEA
DEA1A,DEA1,DEA
DEA1B,DEA1,DEA
DEA1C,DEA1,DEA
DEA1D,DEA1,DEA
DEA1E,DEA1,DEA
DEA1F,DEA1,DEA
DEA22,DEA2,DEA
DEA23,DEA2,DEA
DEA24,DEA2,DEA
DEA26,DEA2,DEA
DEA27,DEA2,DEA
DEA28,DEA2,DEA
DEA29,DEA2,DEA
DEA2A,DEA2,DEA
DEA2B,DEA2,DEA
DEA2C,DEA2,DEA
DEA31,DEA3,DEA
DEA32,DEA3,DEA
DEA33,DEA3,DEA
DEA34,DEA3,DEA
DEA35,DEA3,DEA
DEA36,DEA3,DEA
DEA37,DEA3,DEA
DEA38,DEA3,DEA
DEA41,DEA4,DEA
DEA42,DEA4,DEA
DEA43,DEA4,DEA
DEA44,DEA4,DEA
DEA45,DEA4,DEA
DEA46,DEA4,DEA
DEA47,DEA4,DEA
DEA51,DEA5,DEA
DEA52,DEA5,DEA
DEA53,DEA5,DEA
DEA54,DEA5,DEA
DEA55,DEA5,DEA
DEA56,DEA5,DEA
DEA57,DEA5,DEA
DEA58,DEA5,DEA
DEA59,DEA5,DEA
DEA5A,DEA5,DEA
DEA5B,DEA5,DEA
DEA5C,DEA5,DEA
DEB11,DEB1,DEB
DEB12,DEB1,DEB
DEB13,DEB1,DEB
DEB14,DEB1,DEB
DEB15,DEB1,DEB
DEB17,DEB1,DEB
DEB18,DEB1,DEB
DEB1A,DEB1,DEB
DEB1B,DEB1,DEB
DEB21,DEB2,DEB
DEB22,DEB2,DEB
DEB25,DEB2,DEB
DEB31,DEB3,DEB
DEB32,DEB3,DEB
DEB33,DEB3,DEB
DEB34,DEB3,DEB
DEB35,DEB3,DEB
DEB36,DEB3,DEB
DEB37,DEB3,DEB
DEB38,DEB3,DEB
DEB39,DEB3,DEB
DEB3A,DEB3,DEB
DEB3B,DEB3,DEB
DEB3C,DEB3,DEB
DEB3D,DEB3,DEB
DEB3E,DEB3,DEB
DEB3F,DEB3,DEB
DEB3G,DEB3,DEB
DEB3H,DEB3,DEB
DEB3I,DEB3,DEB
DEB3J,DEB3,DEB
DEC02,DEC0,DEC
DEC03,DEC0,DEC
DEC04,DEC0,DEC
DEC05,DEC0,DEC
DEC06,DEC0,DEC
DED21,DED2,DED
DEE01,DEE0,DEE
DEE02,DEE0,DEE
DEE03,DEE0,DEE
DEE04,DEE0,DEE
DEE05,DEE0,DEE
DEE06,DEE0,DEE
DEE07,DEE0,DEE
DEE09,DEE0,DEE
DEE0A,DEE0,DEE
DEE0B,DEE0,DEE
DEE0D,DEE0,DEE
DEE0E,DEE0,DEE
DEF01,DEF0,DEF
DEF02,DEF0,DEF
DEF03,DEF0,DEF
DEF04,DEF0,DEF
DEF05,DEF0,DEF
DEF06,DEF0,DEF
DEF07,DEF0,DEF
DEF08,DEF0,DEF
DEF09,DEF0,DEF
DEF0A,DEF0,DEF
DEF0B,DEF0,DEF
DEF0C,DEF0,DEF
DEF0D,DEF0,DEF
DEF0E,DEF0,DEF
DEF0F,DEF0,DEF
DEG01,DEG0,DEG
DEG02,DEG0,DEG
DEG03,DEG0,DEG
DEG04,DEG0,DEG
DEG05,DEG0,DEG
DEG06,DEG0,DEG
DEG07,DEG0,DEG
DEG09,DEG0,DEG
DEG0A,DEG0,DEG
DEG0B,DEG0,DEG
DEG0C,DEG0,DEG
DEG0D,DEG0,DEG
DEG0E,DEG0,DEG
DEG0F,DEG0,DEG
DEG0G,DEG0,DEG
DEG0H,DEG0,DEG
DEG0I,DEG0,DEG
DEG0J,DEG0,DEG
DEG0K,DEG0,DEG
DEG0L,DEG0,DEG
DEG0M,DEG0,DEG
DEG0N,DEG0,DEG
DEG0P,DEG0,DEG
ES511,ES51,ES5
ES512,ES51,ES5
ES513,ES51,ES5
ES514,ES51,ES5
ES521,ES52,ES5
ES522,ES52,ES5
ES523,ES52,ES5
ES531,ES53,ES5
ES532,ES53,ES5
ES533,ES53,ES5
ES611,ES61,ES6
ES612,ES61,ES6
ES613,ES61,ES6
ES614,ES61,ES6
ES615,ES61,ES6
NL326,NL32,NL3
TR633,TR63,TR6
TR714,TR71,TR7
TR904,TR90,TR9
TR905,TR90,TR9
TRC34,TRC3,TRC
TR833,TR83,TR8
TR834,TR83,TR8
TRC22,TRC2,TRC
TRC32,TRC3,TRC
TR813,TR81,TR8
TR722,TR72,TR7
TR821,TR82,TR8
TRB23,TRB2,TRB
TR212,TR21,TR2
TR332,TR33,TR3
TRA12,TRA1,TRA
TRA21,TRA2,TRA
TRB13,TRB1,TRB
DE23A,DE23,DE2
DE915,DE91,DE9
DE919,DE91,DE9
DEB16,DEB1,DEB
DEB19,DEB1,DEB
FR211,FR21,FR2
FR212,FR21,FR2
FR213,FR21,FR2
FR214,FR21,FR2
FR221,FR22,FR2
FR222,FR22,FR2
FR223,FR22,FR2
FR231,FR23,FR2
FR232,FR23,FR2
FR241,FR24,FR2
FR242,FR24,FR2
FR243,FR24,FR2
FR244,FR24,FR2
FR245,FR24,FR2
FR246,FR24,FR2
FR251,FR25,FR2
FR252,FR25,FR2
FR253,FR25,FR2
FR261,FR26,FR2
FR262,FR26,FR2
FR263,FR26,FR2
FR264,FR26,FR2
FR301,FR30,FR3
FR302,FR30,FR3
FR411,FR41,FR4
FR412,FR41,FR4
FR413,FR41,FR4
FR414,FR41,FR4
FR421,FR42,FR4
FR422,FR42,FR4
FR431,FR43,FR4
FR432,FR43,FR4
FR433,FR43,FR4
FR434,FR43,FR4
FR511,FR51,FR5
FR512,FR51,FR5
FR513,FR51,FR5
FR514,FR51,FR5
FR826,FR82,FR8
FR831,FR83,FR8
FR832,FR83,FR8
LT001,LT00,LT0
LT002,LT00,LT0
LT003,LT00,LT0
LT004,LT00,LT0
LT005,LT00,LT0
LT006,LT00,LT0
LT007,LT00,LT0
LT008,LT00,LT0
LT009,LT00,LT0
LT00A,LT00,LT0
HU101,HU10,HU1
HU102,HU10,HU1
NL121,NL12,NL1
NL122,NL12,NL1
NL123,NL12,NL1
NL322,NL32,NL3
NL338,NL33,NL3
NL339,NL33,NL3
PL127,PL12,PL1
PL128,PL12,PL1
PL129,PL12,PL1
PL12A,PL12,PL1
FI1D4,FI1D,FI1
FI1D6,FI1D,FI1
UKN01,UKN0,UKN
UKN02,UKN0,UKN
UKN03,UKN0,UKN
UKN04,UKN0,UKN
UKN05,UKN0,UKN
ES616,ES61,ES6
ES617,ES61,ES6
ES618,ES61,ES6
ES620,ES62,ES6
ES704,ES70,ES7
ES705,ES70,ES7
ES707,ES70,ES7
ES708,ES70,ES7
ES709,ES70,ES7
FI193,FI19,FI1
FI194,FI19,FI1
FI195,FI19,FI1
FI196,FI19,FI1
FI197,FI19,FI1
ITF61,ITF6,ITF
FI200,FI20,FI2
FR101,FR10,FR1
FR102,FR10,FR1
FR103,FR10,FR1
FR104,FR10,FR1
FR105,FR10,FR1
FR106,FR10,FR1
FR107,FR10,FR1
FR108,FR10,FR1
ITF62,ITF6,ITF
HR031,HR03,HR0
HR033,HR03,HR0
HR034,HR03,HR0
HU211,HU21,HU2
HU212,HU21,HU2
HU213,HU21,HU2
HU221,HU22,HU2
HU222,HU22,HU2
HU223,HU22,HU2
HU231,HU23,HU2
HU232,HU23,HU2
HU233,HU23,HU2
HU311,HU31,HU3
HU312,HU31,HU3
HU313,HU31,HU3
HU321,HU32,HU3
HU322,HU32,HU3
HU323,HU32,HU3
HU331,HU33,HU3
HU332,HU33,HU3
HU333,HU33,HU3
ITC18,ITC1,ITC
ITC31,ITC3,ITC
ITC32,ITC3,ITC
ITC33,ITC3,ITC
ITC34,ITC3,ITC
ITC41,ITC4,ITC
ITC42,ITC4,ITC
ITC43,ITC4,ITC
ITC44,ITC4,ITC
ITC46,ITC4,ITC
ITC47,ITC4,ITC
ITC48,ITC4,ITC
ITC49,ITC4,ITC
ITC4A,ITC4,ITC
ITC4B,ITC4,ITC
ITF12,ITF1,ITF
ITF13,ITF1,ITF
ITF14,ITF1,ITF
ITF21,ITF2,ITF
ITF22,ITF2,ITF
ITF31,ITF3,ITF
ITF32,ITF3,ITF
ITF33,ITF3,ITF
ITF34,ITF3,ITF
ITF35,ITF3,ITF
ITF43,ITF4,ITF
ITF44,ITF4,ITF
ITF45,ITF4,ITF
ITF51,ITF5,ITF
ITF52,ITF5,ITF
ITF63,ITF6,ITF
ITF64,ITF6,ITF
ITF65,ITF6,ITF
ITG11,ITG1,ITG
ITG12,ITG1,ITG
ITG13,ITG1,ITG
ITG14,ITG1,ITG
ITG15,ITG1,ITG
ITG16,ITG1,ITG
ITG17,ITG1,ITG
ITG18,ITG1,ITG
ITG19,ITG1,ITG
ITG25,ITG2,ITG
ITG26,ITG2,ITG
ITG27,ITG2,ITG
ITG28,ITG2,ITG
ITG29,ITG2,ITG
ITG2A,ITG2,ITG
ITG2B,ITG2,ITG
ITG2C,ITG2,ITG
LV003,LV00,LV0
LV005,LV00,LV0
LV006,LV00,LV0
LV007,LV00,LV0
LV008,LV00,LV0
LV009,LV00,LV0
MT001,MT00,MT0
MT002,MT00,MT0
NL111,NL11,NL1
NL112,NL11,NL1
NL113,NL11,NL1
NL131,NL13,NL1
NL132,NL13,NL1
NL133,NL13,NL1
NL211,NL21,NL2
NL212,NL21,NL2
NL213,NL21,NL2
NL221,NL22,NL2
NL224,NL22,NL2
NL225,NL22,NL2
NL226,NL22,NL2
NL230,NL23,NL2
NL310,NL31,NL3
NL321,NL32,NL3
NL323,NL32,NL3
NL324,NL32,NL3
NL325,NL32,NL3
NL327,NL32,NL3
NL332,NL33,NL3
NL333,NL33,NL3
NL341,NL34,NL3
NL342,NL34,NL3
NL411,NL41,NL4
NL412,NL41,NL4
NL413,NL41,NL4
NL414,NL41,NL4
NL421,NL42,NL4
NL422,NL42,NL4
NL423,NL42,NL4
NLZZZ,NLZZ,NLZ
PL213,PL21,PL2
PL214,PL21,PL2
PL217,PL21,PL2
PL224,PL22,PL2
PL225,PL22,PL2
PL227,PL22,PL2
PL228,PL22,PL2
PL229,PL22,PL2
PL22A,PL22,PL2
PL22B,PL22,PL2
PL22C,PL22,PL2
RO411,RO41,RO4
RO412,RO41,RO4
RO413,RO41,RO4
RO414,RO41,RO4
RO415,RO41,RO4
RO421,RO42,RO4
RO422,RO42,RO4
RO423,RO42,RO4
RO424,RO42,RO4
ROZZZ,ROZZ,ROZ
SE110,SE11,SE1
SE121,SE12,SE1
SE122,SE12,SE1
SE123,SE12,SE1
SE124,SE12,SE1
SE125,SE12,SE1
SE211,SE21,SE2
SE212,SE21,SE2
SE213,SE21,SE2
SE214,SE21,SE2
SE221,SE22,SE2
SE224,SE22,SE2
SE231,SE23,SE2
SE232,SE23,SE2
SE311,SE31,SE3
SE312,SE31,SE3
SE313,SE31,SE3
SE321,SE32,SE3
SE322,SE32,SE3
SE331,SE33,SE3
SE332,SE33,SE3
SK010,SK01,SK0
SK021,SK02,SK0
SK022,SK02,SK0
SK023,SK02,SK0
SK031,SK03,SK0
SK032,SK03,SK0
SK041,SK04,SK0
SK042,SK04,SK0
UKC11,UKC1,UKC
UKC12,UKC1,UKC
UKC13,UKC1,UKC
UKC14,UKC1,UKC
UKC21,UKC2,UKC
UKC22,UKC2,UKC
UKC23,UKC2,UKC
UKD11,UKD1,UKD
UKD12,UKD1,UKD
UKD41,UKD4,UKD
UKD42,UKD4,UKD
UKE11,UKE1,UKE
UKE12,UKE1,UKE
UKE13,UKE1,UKE
UKE21,UKE2,UKE
UKE22,UKE2,UKE
UKE31,UKE3,UKE
UKE32,UKE3,UKE
UKE41,UKE4,UKE
UKE42,UKE4,UKE
UKF11,UKF1,UKF
UKF12,UKF1,UKF
UKF13,UKF1,UKF
UKF14,UKF1,UKF
UKF15,UKF1,UKF
UKF16,UKF1,UKF
UKH12,UKH1,UKH
UKH14,UKH1,UKH
UKH21,UKH2,UKH
UKM62,UKM6,UKM
UKM63,UKM6,UKM
UKM64,UKM6,UKM
UKM65,UKM6,UKM
UKM66,UKM6,UKM
FI1C1,FI1C,FI1
FI1C2,FI1C,FI1
FI1C3,FI1C,FI1
FI1C4,FI1C,FI1
FI1C5,FI1C,FI1
PL711,PL71,PL7
PL712,PL71,PL7
PL713,PL71,PL7
PL714,PL71,PL7
PL715,PL71,PL7
PL721,PL72,PL7
PL722,PL72,PL7
PL811,PL81,PL8
PL812,PL81,PL8
PL814,PL81,PL8
PL815,PL81,PL8
PL821,PL82,PL8
PL822,PL82,PL8
PL823,PL82,PL8
PL824,PL82,PL8
PL841,PL84,PL8
PL842,PL84,PL8
PL843,PL84,PL8
UKM71,UKM7,UKM
UKM72,UKM7,UKM
UKM73,UKM7,UKM
UKM75,UKM7,UKM
UKM76,UKM7,UKM
UKM77,UKM7,UKM
UKM78,UKM7,UKM
UKM91,UKM9,UKM
UKM81,UKM8,UKM
UKM92,UKM9,UKM
UKM93,UKM9,UKM
UKM82,UKM8,UKM
UKM83,UKM8,UKM
UKM84,UKM8,UKM
UKM94,UKM9,UKM
UKM95,UKM9,UKM
BG311,BG31,BG3
BG312,BG31,BG3
BG313,BG31,BG3
BG314,BG31,BG3
BG315,BG31,BG3
BG321,BG32,BG3
BG322,BG32,BG3
BG323,BG32,BG3
BG324,BG32,BG3
BG331,BG33,BG3
BG332,BG33,BG3
BG333,BG33,BG3
DE122,DE12,DE1
DE123,DE12,DE1
DE124,DE12,DE1
DE125,DE12,DE1
DE126,DE12,DE1
DE127,DE12,DE1
DE128,DE12,DE1
DE129,DE12,DE1
DE12A,DE12,DE1
DE12B,DE12,DE1
DE12C,DE12,DE1
DE131,DE13,DE1
DE132,DE13,DE1
DE133,DE13,DE1
DE134,DE13,DE1
DE135,DE13,DE1
DE136,DE13,DE1
DE401,DE40,DE4
DE402,DE40,DE4
DE403,DE40,DE4
DE404,DE40,DE4
DE405,DE40,DE4
DE406,DE40,DE4
DE407,DE40,DE4
DE408,DE40,DE4
DE409,DE40,DE4
DE40A,DE40,DE4
DE40B,DE40,DE4
DE40C,DE40,DE4
DE40D,DE40,DE4
DE40E,DE40,DE4
DE40F,DE40,DE4
DE40G,DE40,DE4
DE40H,DE40,DE4
DE40I,DE40,DE4
DED41,DED4,DED
DED51,DED5,DED
ITC4C,ITC4,ITC
ITF46,ITF4,ITF
ITF47,ITF4,ITF
ITH10,ITH1,ITH
ITH20,ITH2,ITH
ITH31,ITH3,ITH
ITH32,ITH3,ITH
ITH33,ITH3,ITH
ITH34,ITH3,ITH
ITH35,ITH3,ITH
ITH36,ITH3,ITH
ITH37,ITH3,ITH
ITH41,ITH4,ITH
ITH42,ITH4,ITH
ITH43,ITH4,ITH
ITH44,ITH4,ITH
ITH51,ITH5,ITH
ITH52,ITH5,ITH
ITH53,ITH5,ITH
ITH54,ITH5,ITH
ITH55,ITH5,ITH
ITH56,ITH5,ITH
ITH57,ITH5,ITH
ITH58,ITH5,ITH
ITH59,ITH5,ITH
ITI11,ITI1,ITI
ITI12,ITI1,ITI
DE938,DE93,DE9
DE927,DE92,DE9
DE928,DE92,DE9
DE929,DE92,DE9
DE931,DE93,DE9
DE932,DE93,DE9
DE933,DE93,DE9
DE934,DE93,DE9
DE935,DE93,DE9
DE936,DE93,DE9
DE937,DE93,DE9
DE939,DE93,DE9
DE93A,DE93,DE9
DK011,DK01,DK0
DK012,DK01,DK0
DK013,DK01,DK0
DK014,DK01,DK0
ITI13,ITI1,ITI
ITI14,ITI1,ITI
ITI15,ITI1,ITI
ITI16,ITI1,ITI
ITI17,ITI1,ITI
ITI18,ITI1,ITI
ITI19,ITI1,ITI
ITI1A,ITI1,ITI
ITI21,ITI2,ITI
ITI22,ITI2,ITI
ITI31,ITI3,ITI
ITI32,ITI3,ITI
ITI33,ITI3,ITI
ITI34,ITI3,ITI
ITI41,ITI4,ITI
ITI42,ITI4,ITI
ITI43,ITI4,ITI
ITI44,ITI4,ITI
ITI45,ITI4,ITI
NL337,NL33,NL3
NL33A,NL33,NL3
FI1D1,FI1D,FI1
FI1D2,FI1D,FI1
FI1D3,FI1D,FI1
FI1D5,FI1D,FI1
FI1D7,FI1D,FI1
UKD71,UKD7,UKD
UKD72,UKD7,UKD
UKD73,UKD7,UKD
UKD74,UKD7,UKD
EL434,EL43,EL4
ITC4D,ITC4,ITC
ITI35,ITI3,ITI
UKD61,UKD6,UKD
UKD62,UKD6,UKD
UKD63,UKD6,UKD
UKE44,UKE4,UKE
UKE45,UKE4,UKE
UKH24,UKH2,UKH
UKH25,UKH2,UKH
FRY50,FRY5,FRY
PL922,PL92,PL9
PL923,PL92,PL9
PL924,PL92,PL9
PL925,PL92,PL9
PL926,PL92,PL9
UKN07,UKN0,UKN
UKN08,UKN0,UKN
UKN09,UKN0,UKN
UKN10,UKN1,UKN
UKN11,UKN1,UKN
UKN12,UKN1,UKN
UKN13,UKN1,UKN
UKN14,UKN1,UKN
UKN15,UKN1,UKN
UKN16,UKN1,UKN
DKZZZ,DKZZ,DKZ
ES211,ES21,ES2
ES212,ES21,ES2
ES213,ES21,ES2
DK021,DK02,DK0
DK022,DK02,DK0
DK031,DK03,DK0
DK032,DK03,DK0
DK041,DK04,DK0
DK042,DK04,DK0
DK050,DK05,DK0
EE001,EE00,EE0
EE004,EE00,EE0
EE006,EE00,EE0
EE007,EE00,EE0
EE008,EE00,EE0
ES111,ES11,ES1
ES112,ES11,ES1
ES113,ES11,ES1
ES114,ES11,ES1
ES120,ES12,ES1
ES130,ES13,ES1
ES220,ES22,ES2
ES230,ES23,ES2
ES241,ES24,ES2
ES242,ES24,ES2
ES243,ES24,ES2
ES300,ES30,ES3
ES411,ES41,ES4
ES412,ES41,ES4
ES413,ES41,ES4
ES414,ES41,ES4
ES415,ES41,ES4
ES416,ES41,ES4
ES417,ES41,ES4
ES418,ES41,ES4
ES419,ES41,ES4
ES421,ES42,ES4
ES422,ES42,ES4
ES423,ES42,ES4
ES424,ES42,ES4
ES425,ES42,ES4
ES431,ES43,ES4
ES432,ES43,ES4
EL412,EL41,EL4
EL421,EL42,EL4
EL422,EL42,EL4
EL431,EL43,EL4
EL432,EL43,EL4
EL433,EL43,EL4
NO011,NO01,NO0
NO012,NO01,NO0
NO021,NO02,NO0
NO034,NO03,NO0
NO022,NO02,NO0
NO041,NO04,NO0
DEB1C,DEB1,DEB
DEB1D,DEB1,DEB
FR515,FR51,FR5
FI1D8,FI1D,FI1
FR521,FR52,FR5
FR522,FR52,FR5
FI1D9,FI1D,FI1
FRB01,FRB0,FRB
FRB02,FRB0,FRB
FRB03,FRB0,FRB
FRB04,FRB0,FRB
FRB05,FRB0,FRB
FRB06,FRB0,FRB
FR523,FR52,FR5
FR524,FR52,FR5
FR531,FR53,FR5
FR532,FR53,FR5
FRC11,FRC1,FRC
FRC12,FRC1,FRC
FRC13,FRC1,FRC
FRC14,FRC1,FRC
FR533,FR53,FR5
FR534,FR53,FR5
FR611,FR61,FR6
FRC21,FRC2,FRC
FRC22,FRC2,FRC
FRC23,FRC2,FRC
FR612,FR61,FR6
FR613,FR61,FR6
FR614,FR61,FR6
FRC24,FRC2,FRC
FR615,FR61,FR6
FR621,FR62,FR6
FR622,FR62,FR6
FR623,FR62,FR6
FR624,FR62,FR6
FR625,FR62,FR6
FRD11,FRD1,FRD
FRD12,FRD1,FRD
FR626,FR62,FR6
FR627,FR62,FR6
FR628,FR62,FR6
FRD13,FRD1,FRD
FR631,FR63,FR6
FR632,FR63,FR6
FR633,FR63,FR6
FR711,FR71,FR7
FR712,FR71,FR7
FRD21,FRD2,FRD
FRD22,FRD2,FRD
FR713,FR71,FR7
FR714,FR71,FR7
FR715,FR71,FR7
FR716,FR71,FR7
FR717,FR71,FR7
FR718,FR71,FR7
FR721,FR72,FR7
FR722,FR72,FR7
FRE11,FRE1,FRE
FR723,FR72,FR7
FR724,FR72,FR7
FR811,FR81,FR8
FR812,FR81,FR8
FR813,FR81,FR8
FR814,FR81,FR8
FRE12,FRE1,FRE
FR815,FR81,FR8
FR821,FR82,FR8
FRE21,FRE2,FRE
FR822,FR82,FR8
FR823,FR82,FR8
FR824,FR82,FR8
FR825,FR82,FR8
FRE22,FRE2,FRE
FRE23,FRE2,FRE
FRF11,FRF1,FRF
FRF12,FRF1,FRF
NO061,NO06,NO0
NO062,NO06,NO0
NOZZZ,NOZZ,NOZ
FRF21,FRF2,FRF
FRF22,FRF2,FRF
FRF23,FRF2,FRF
FRF24,FRF2,FRF
FRF31,FRF3,FRF
FRF32,FRF3,FRF
FRF33,FRF3,FRF
FRF34,FRF3,FRF
FRG01,FRG0,FRG
FRG02,FRG0,FRG
FRG03,FRG0,FRG
FRG04,FRG0,FRG
FRG05,FRG0,FRG
FRH01,FRH0,FRH
FRH02,FRH0,FRH
FRH03,FRH0,FRH
FRH04,FRH0,FRH
FRI11,FRI1,FRI
FRI12,FRI1,FRI
NO043,NO04,NO0
IE011,IE01,IE0
IE012,IE01,IE0
HR035,HR03,HR0
HR036,HR03,HR0
IE013,IE01,IE0
IE021,IE02,IE0
IE022,IE02,IE0
HR037,HR03,HR0
IE023,IE02,IE0
IE024,IE02,IE0
IE025,IE02,IE0
ITC11,ITC1,ITC
ITC12,ITC1,ITC
ITC13,ITC1,ITC
ITC14,ITC1,ITC
ITC15,ITC1,ITC
ITC16,ITC1,ITC
ITC17,ITC1,ITC
HR041,HR04,HR0
HR042,HR04,HR0
HR043,HR04,HR0
HR044,HR04,HR0
HR045,HR04,HR0
HR046,HR04,HR0
HR047,HR04,HR0
HR049,HR04,HR0
HR04A,HR04,HR0
HR04B,HR04,HR0
HR04C,HR04,HR0
HR04D,HR04,HR0
HR04E,HR04,HR0
FRI13,FRI1,FRI
FRI14,FRI1,FRI
FRI15,FRI1,FRI
FRI21,FRI2,FRI
FRI22,FRI2,FRI
FRI23,FRI2,FRI
FRI31,FRI3,FRI
FRI32,FRI3,FRI
FRI33,FRI3,FRI
FRI34,FRI3,FRI
FRJ11,FRJ1,FRJ
FRJ12,FRJ1,FRJ
FRJ13,FRJ1,FRJ
FRJ14,FRJ1,FRJ
FRJ15,FRJ1,FRJ
FRJ21,FRJ2,FRJ
FRJ22,FRJ2,FRJ
FRJ23,FRJ2,FRJ
FRJ24,FRJ2,FRJ
FRJ25,FRJ2,FRJ
FRJ26,FRJ2,FRJ
FRJ27,FRJ2,FRJ
FRJ28,FRJ2,FRJ
FRK11,FRK1,FRK
FRK12,FRK1,FRK
FRK13,FRK1,FRK
FRK14,FRK1,FRK
FRK21,FRK2,FRK
FRK22,FRK2,FRK
FRK23,FRK2,FRK
FRK24,FRK2,FRK
FRK25,FRK2,FRK
FRK26,FRK2,FRK
FRK27,FRK2,FRK
FRK28,FRK2,FRK
FRL01,FRL0,FRL
FRL02,FRL0,FRL
FRL03,FRL0,FRL
FRL04,FRL0,FRL
FRL05,FRL0,FRL
FRL06,FRL0,FRL
FRM01,FRM0,FRM
FRM02,FRM0,FRM
FRY10,FRY1,FRY
FRY20,FRY2,FRY
FRY30,FRY3,FRY
FRY40,FRY4,FRY
HU110,HU11,HU1
HU120,HU12,HU1
IE041,IE04,IE0
IE042,IE04,IE0
IE051,IE05,IE0
PT111,PT11,PT1
PL411,PL41,PL4
PL414,PL41,PL4
PL415,PL41,PL4
PL416,PL41,PL4
PL417,PL41,PL4
PL418,PL41,PL4
PL424,PL42,PL4
PL431,PL43,PL4
PL432,PL43,PL4
PL514,PL51,PL5
PL515,PL51,PL5
PL516,PL51,PL5
PL517,PL51,PL5
PL518,PL51,PL5
PL613,PL61,PL6
PL621,PL62,PL6
PL622,PL62,PL6
PL623,PL62,PL6
PL633,PL63,PL6
PL634,PL63,PL6
PT112,PT11,PT1
PT150,PT15,PT1
PT16B,PT16,PT1
PT181,PT18,PT1
PT184,PT18,PT1
PT185,PT18,PT1
PT200,PT20,PT2
PT300,PT30,PT3
RO111,RO11,RO1
RO112,RO11,RO1
RO113,RO11,RO1
RO114,RO11,RO1
RO115,RO11,RO1
RO116,RO11,RO1
RO121,RO12,RO1
RO122,RO12,RO1
RO123,RO12,RO1
RO124,RO12,RO1
RO125,RO12,RO1
RO126,RO12,RO1
RO211,RO21,RO2
RO212,RO21,RO2
RO213,RO21,RO2
RO214,RO21,RO2
RO215,RO21,RO2
RO216,RO21,RO2
RO221,RO22,RO2
RO222,RO22,RO2
RO223,RO22,RO2
RO224,RO22,RO2
RO225,RO22,RO2
RO311,RO31,RO3
RO313,RO31,RO3
RO314,RO31,RO3
RO316,RO31,RO3
RO317,RO31,RO3
RO321,RO32,RO3
RO322,RO32,RO3
IE052,IE05,IE0
IE053,IE05,IE0
IE061,IE06,IE0
IE062,IE06,IE0
IE063,IE06,IE0
NL124,NL12,NL1
NL125,NL12,NL1
NL126,NL12,NL1
UKH23,UKH2,UKH
UKH31,UKH3,UKH
UKH32,UKH3,UKH
UKJ11,UKJ1,UKJ
UKJ12,UKJ1,UKJ
UKJ13,UKJ1,UKJ
UKJ14,UKJ1,UKJ
UKJ21,UKJ2,UKJ
UKJ22,UKJ2,UKJ
UKJ31,UKJ3,UKJ
UKJ32,UKJ3,UKJ
UKJ34,UKJ3,UKJ
UKJ41,UKJ4,UKJ
UKK11,UKK1,UKK
UKK12,UKK1,UKK
UKK13,UKK1,UKK
UKK14,UKK1,UKK
UKK15,UKK1,UKK
UKK21,UKK2,UKK
UKK22,UKK2,UKK
UKK23,UKK2,UKK
UKK30,UKK3,UKK
UKK41,UKK4,UKK
UKK42,UKK4,UKK
UKK43,UKK4,UKK
UKL11,UKL1,UKL
UKL12,UKL1,UKL
UKL13,UKL1,UKL
UKL14,UKL1,UKL
UKL15,UKL1,UKL
UKL16,UKL1,UKL
UKL17,UKL1,UKL
UKL18,UKL1,UKL
UKL21,UKL2,UKL
UKL22,UKL2,UKL
UKL23,UKL2,UKL
UKL24,UKL2,UKL
UKM50,UKM5,UKM
UKM61,UKM6,UKM
NL328,NL32,NL3
NL329,NL32,NL3
NL33B,NL33,NL3
NL33C,NL33,NL3
PL911,PL91,PL9
PL912,PL91,PL9
PL913,PL91,PL9
PL921,PL92,PL9
UKN06,UKN0,UKN
CYZZZ,CYZZ,CYZ
LTZZZ,LTZZ,LTZ
LT011,LT01,LT0
LT021,LT02,LT0
LT022,LT02,LT0
LT023,LT02,LT0
LT024,LT02,LT0
LT025,LT02,LT0
LT026,LT02,LT0
LT027,LT02,LT0
LT028,LT02,LT0
LT029,LT02,LT0
DEA2D,DEA2,DEA
DED2C,DED2,DED
DED2D,DED2,DED
DED2E,DED2,DED
DED2F,DED2,DED
DED42,DED4,DED
DED43,DED4,DED
DED44,DED4,DED
DED45,DED4,DED
DED52,DED5,DED
DED53,DED5,DED
FI1B1,FI1B,FI1
ITF48,ITF4,ITF
DE91C,DE91,DE9
AL031,AL03,AL0
AL022,AL02,AL0
AL032,AL03,AL0
AL033,AL03,AL0
AL034,AL03,AL0
AL035,AL03,AL0
AL011,AL01,AL0
AL012,AL01,AL0
AL013,AL01,AL0
AL021,AL02,AL0
AL014,AL01,AL0
AL015,AL01,AL0
NO060,NO06,NO0
RS125,RS12,RS1
RS126,RS12,RS1
RS127,RS12,RS1
RS211,RS21,RS2
RS212,RS21,RS2
RS213,RS21,RS2
RS214,RS21,RS2
RS215,RS21,RS2
RS216,RS21,RS2
RS217,RS21,RS2
RS218,RS21,RS2
RS221,RS22,RS2
RS222,RS22,RS2
RS223,RS22,RS2
RS224,RS22,RS2
RS225,RS22,RS2
RS226,RS22,RS2
RS227,RS22,RS2
RS228,RS22,RS2
RS229,RS22,RS2
RS121,RS12,RS1
RS110,RS11,RS1
RS124,RS12,RS1
RS122,RS12,RS1
RS123,RS12,RS1
BG325,BG32,BG3
BG334,BG33,BG3
BG424,BG42,BG4
DE80J,DE80,DE8
DE80K,DE80,DE8
DE80L,DE80,DE8
DE80M,DE80,DE8
DE80N,DE80,DE8
DE80O,DE80,DE8
EL411,EL41,EL4
EL623,EL62,EL6
EL413,EL41,EL4
EL511,EL51,EL5
EL512,EL51,EL5
EL513,EL51,EL5
EL514,EL51,EL5
EL515,EL51,EL5
EL521,EL52,EL5
EL522,EL52,EL5
EL523,EL52,EL5
EL524,EL52,EL5
EL525,EL52,EL5
EL526,EL52,EL5
EL527,EL52,EL5
EL532,EL53,EL5
EL533,EL53,EL5
EL542,EL54,EL5
EL543,EL54,EL5
EL612,EL61,EL6
EL613,EL61,EL6
EL621,EL62,EL6
EL622,EL62,EL6
EL624,EL62,EL6
EL631,EL63,EL6
EL632,EL63,EL6
EL633,EL63,EL6
EL641,EL64,EL6
EL642,EL64,EL6
EL643,EL64,EL6
EL644,EL64,EL6
EL645,EL64,EL6
EL652,EL65,EL6
EL301,EL30,EL3
EL302,EL30,EL3
EL303,EL30,EL3
EL304,EL30,EL3
EL305,EL30,EL3
EL306,EL30,EL3
EL307,EL30,EL3
EL531,EL53,EL5
EL541,EL54,EL5
EL611,EL61,EL6
EL651,EL65,EL6
EL653,EL65,EL6
ES630,ES63,ES6
ES640,ES64,ES6
ES703,ES70,ES7
ES706,ES70,ES7
HR032,HR03,HR0
HR048,HR04,HR0
FRA10,FRA1,FRA
FRA20,FRA2,FRA
FRA30,FRA3,FRA
FRA40,FRA4,FRA
FRA50,FRA5,FRA
MK003,MK00,MK0
MK004,MK00,MK0
MK005,MK00,MK0
MK006,MK00,MK0
MK007,MK00,MK0
MK008,MK00,MK0
MK001,MK00,MK0
MK002,MK00,MK0
PL428,PL42,PL4
PL426,PL42,PL4
PL427,PL42,PL4
PT11B,PT11,PT1
PT11C,PT11,PT1
PT11E,PT11,PT1
PT16F,PT16,PT1
PT16G,PT16,PT1
PL218,PL21,PL2
PL21A,PL21,PL2
PL523,PL52,PL5
PL524,PL52,PL5
PL616,PL61,PL6
PL619,PL61,PL6
PL636,PL63,PL6
PL638,PL63,PL6
PT119,PT11,PT1
PT11A,PT11,PT1
PT11D,PT11,PT1
PT186,PT18,PT1
PT187,PT18,PT1
PL219,PL21,PL2
PL617,PL61,PL6
PL618,PL61,PL6
PL637,PL63,PL6
PL12B,PL12,PL1
PL12C,PL12,PL1
PL12D,PL12,PL1
PL12E,PL12,PL1
PT16D,PT16,PT1
PT16E,PT16,PT1
PT16H,PT16,PT1
PT16I,PT16,PT1
PT16J,PT16,PT1
PT170,PT17,PT1
RO226,RO22,RO2
RO312,RO31,RO3
RO315,RO31,RO3
SI036,SI03,SI0
SI038,SI03,SI0
SI031,SI03,SI0
SI032,SI03,SI0
SI033,SI03,SI0
SI034,SI03,SI0
SI035,SI03,SI0
SI037,SI03,SI0
SI041,SI04,SI0
SI042,SI04,SI0
SI043,SI04,SI0
SI044,SI04,SI0
UKD33,UKD3,UKD
UKD34,UKD3,UKD
UKD35,UKD3,UKD
UKD36,UKD3,UKD
UKD37,UKD3,UKD
UKD44,UKD4,UKD
UKD45,UKD4,UKD
UKD46,UKD4,UKD
UKD47,UKD4,UKD
UKH15,UKH1,UKH
UKH16,UKH1,UKH
UKH17,UKH1,UKH
UKH34,UKH3,UKH
UKH35,UKH3,UKH
UKH36,UKH3,UKH
UKH37,UKH3,UKH
UKI31,UKI3,UKI
UKI32,UKI3,UKI
UKI33,UKI3,UKI
UKI34,UKI3,UKI
UKI41,UKI4,UKI
UKI42,UKI4,UKI
UKI43,UKI4,UKI
UKI44,UKI4,UKI
UKI45,UKI4,UKI
UKI51,UKI5,UKI
UKI52,UKI5,UKI
UKI53,UKI5,UKI
UKI54,UKI5,UKI
UKI61,UKI6,UKI
UKI62,UKI6,UKI
UKI63,UKI6,UKI
UKI71,UKI7,UKI
UKI72,UKI7,UKI
UKI73,UKI7,UKI
UKI74,UKI7,UKI
UKI75,UKI7,UKI
UKJ25,UKJ2,UKJ
UKJ26,UKJ2,UKJ
UKJ27,UKJ2,UKJ
UKJ28,UKJ2,UKJ
UKJ35,UKJ3,UKJ
UKJ36,UKJ3,UKJ
UKJ37,UKJ3,UKJ
UKJ43,UKJ4,UKJ
UKJ44,UKJ4,UKJ
UKJ45,UKJ4,UKJ
UKJ46,UKJ4,UKJ
CN_X_HK,CN_X,CN_
AT126,AT12,AT1
AT127,AT12,AT1
AT111,AT11,AT1
AT112,AT11,AT1
AT113,AT11,AT1
AT121,AT12,AT1
AT122,AT12,AT1
AT123,AT12,AT1
AT124,AT12,AT1
AT125,AT12,AT1
AT130,AT13,AT1
AT211,AT21,AT2
AT212,AT21,AT2
AT213,AT21,AT2
AT221,AT22,AT2
AT222,AT22,AT2
AT223,AT22,AT2
AT224,AT22,AT2
AT225,AT22,AT2
AT226,AT22,AT2
AT311,AT31,AT3
AT312,AT31,AT3
AT313,AT31,AT3
AT314,AT31,AT3
AT315,AT31,AT3
AT321,AT32,AT3
AT322,AT32,AT3
AT323,AT32,AT3
CH051,CH05,CH0
CH052,CH05,CH0
CH053,CH05,CH0
CH054,CH05,CH0
CH055,CH05,CH0
CH056,CH05,CH0
ATXXX,ATXX,ATX
BEXXX,BEXX,BEX
BGXXX,BGXX,BGX
CHXXX,CHXX,CHX
CHZZZ,CHZZ,CHZ
CZXXX,CZXX,CZX
CH011,CH01,CH0
CH025,CH02,CH0
CH031,CH03,CH0
CH032,CH03,CH0
CH063,CH06,CH0
CH064,CH06,CH0
CH065,CH06,CH0
CH066,CH06,CH0
CH033,CH03,CH0
BEZZZ,BEZZ,BEZ
CZZZZ,CZZZ,CZZ
ATZZZ,ATZZ,ATZ
CH040,CH04,CH0
CH070,CH07,CH0
CH021,CH02,CH0
CH024,CH02,CH0
CH023,CH02,CH0
CH022,CH02,CH0
CH013,CH01,CH0
CH012,CH01,CH0
CH057,CH05,CH0
CH061,CH06,CH0
CH062,CH06,CH0
DE801,DE80,DE8
DE802,DE80,DE8
DE805,DE80,DE8
DE806,DE80,DE8
DE807,DE80,DE8
DE808,DE80,DE8
DE809,DE80,DE8
DE80A,DE80,DE8
DE80B,DE80,DE8
DE80C,DE80,DE8
DE80D,DE80,DE8
DE80E,DE80,DE8
DE80F,DE80,DE8
DE80G,DE80,DE8
DE80H,DE80,DE8
DE80I,DE80,DE8
DEXXX,DEXX,DEX
DKXXX,DKXX,DKX
EEXXX,EEXX,EEX
EL111,EL11,EL1
EL112,EL11,EL1
EL113,EL11,EL1
EL114,EL11,EL1
EL115,EL11,EL1
EL121,EL12,EL1
EL122,EL12,EL1
EL123,EL12,EL1
EL124,EL12,EL1
EL125,EL12,EL1
EL126,EL12,EL1
EL127,EL12,EL1
EL132,EL13,EL1
EL133,EL13,EL1
EL134,EL13,EL1
EL141,EL14,EL1
EL142,EL14,EL1
EL143,EL14,EL1
EL144,EL14,EL1
EL211,EL21,EL2
EL212,EL21,EL2
EL213,EL21,EL2
EL214,EL21,EL2
EL222,EL22,EL2
EL231,EL23,EL2
EL232,EL23,EL2
EL233,EL23,EL2
EL241,EL24,EL2
EL242,EL24,EL2
EL243,EL24,EL2
EL244,EL24,EL2
EL245,EL24,EL2
EL251,EL25,EL2
EL252,EL25,EL2
EL253,EL25,EL2
EL254,EL25,EL2
EL255,EL25,EL2
EL300,EL30,EL3
ELXXX,ELXX,ELX
ESXXX,ESXX,ESX
FIXXX,FIXX,FIX
EEZZZ,EEZZ,EEZ
ESZZZ,ESZZ,ESZ
ELZZZ,ELZZ,ELZ
IS002,IS00,IS0
IS001,IS00,IS0
FR910,FR91,FR9
FR920,FR92,FR9
FR930,FR93,FR9
FR940,FR94,FR9
FRXXX,FRXX,FRX
HUXXX,HUXX,HUX
IEXXX,IEXX,IEX
ISXXX,ISXX,ISX
ISZZZ,ISZZ,ISZ
IEZZZ,IEZZ,IEZ
FRZZZ,FRZZ,FRZ
HUZZZ,HUZZ,HUZ
HRZZZ,HRZZ,HRZ
ITXXX,ITXX,ITX
ITZZZ,ITZZ,ITZ
LVZZZ,LVZZ,LVZ
LUZZZ,LUZZ,LUZ
NLXXX,NLXX,NLX
NOXXX,NOXX,NOX
PL121,PL12,PL1
PL122,PL12,PL1
PL215,PL21,PL2
PL216,PL21,PL2
PL521,PL52,PL5
PL522,PL52,PL5
PL614,PL61,PL6
PL615,PL61,PL6
PL631,PL63,PL6
PL635,PL63,PL6
PLXXX,PLXX,PLX
PT113,PT11,PT1
PT114,PT11,PT1
PT115,PT11,PT1
PT116,PT11,PT1
PT117,PT11,PT1
PT118,PT11,PT1
PT161,PT16,PT1
PT162,PT16,PT1
PT163,PT16,PT1
PT164,PT16,PT1
PT165,PT16,PT1
PT166,PT16,PT1
PT167,PT16,PT1
PT168,PT16,PT1
PT169,PT16,PT1
PT16A,PT16,PT1
PT16C,PT16,PT1
PT171,PT17,PT1
PT172,PT17,PT1
PT182,PT18,PT1
PT183,PT18,PT1
PTXXX,PTXX,PTX
PTZZZ,PTZZ,PTZ
PLZZZ,PLZZ,PLZ
TR901,TR90,TR9
TR713,TR71,TR7
TR902,TR90,TR9
TR421,TR42,TR4
TR521,TR52,TR5
TR611,TR61,TR6
TR621,TR62,TR6
TR631,TR63,TR6
TR812,TR81,TR8
ROXXX,ROXX,ROX
SEXXX,SEXX,SEX
SI011,SI01,SI0
SI012,SI01,SI0
SI013,SI01,SI0
SI014,SI01,SI0
SI015,SI01,SI0
SI016,SI01,SI0
SI017,SI01,SI0
SI018,SI01,SI0
SI021,SI02,SI0
SI022,SI02,SI0
SI023,SI02,SI0
SI024,SI02,SI0
SIXXX,SIXX,SIX
SKXXX,SKXX,SKX
TRXXX,TRXX,TRX
TRZZZ,TRZZ,TRZ
UKD31,UKD3,UKD
UKD32,UKD3,UKD
UKD43,UKD4,UKD
TRA11,TRA1,TRA
TR425,TR42,TR4
TR831,TR83,TR8
TR832,TR83,TR8
TR424,TR42,TR4
TR510,TR51,TR5
TR322,TR32,TR3
TRB21,TRB2,TRB
TR211,TR21,TR2
TR323,TR32,TR3
TR100,TR10,TR1
TR331,TR33,TR3
SIZZZ,SIZZ,SIZ
SKZZZ,SKZZ,SKZ
SEZZZ,SEZZ,SEZ
TR411,TR41,TR4
TR321,TR32,TR3
TRB11,TRB1,TRB
TR310,TR31,TR3
TR422,TR42,TR4
UKF21,UKF2,UKF
UKF22,UKF2,UKF
UKF30,UKF3,UKF
UKG11,UKG1,UKG
UKG12,UKG1,UKG
UKG13,UKG1,UKG
UKG21,UKG2,UKG
UKG22,UKG2,UKG
UKG23,UKG2,UKG
UKG24,UKG2,UKG
UKG31,UKG3,UKG
UKG32,UKG3,UKG
UKG33,UKG3,UKG
UKH11,UKH1,UKH
UKZZZ,UKZZ,UKZ
UKF24,UKF2,UKF
UKF25,UKF2,UKF
UKG36,UKG3,UKG
UKG37,UKG3,UKG
UKH13,UKH1,UKH
UKH33,UKH3,UKH
UKI11,UKI1,UKI
UKI12,UKI1,UKI
UKI21,UKI2,UKI
UKI22,UKI2,UKI
UKI23,UKI2,UKI
UKJ23,UKJ2,UKJ
UKJ24,UKJ2,UKJ
UKJ33,UKJ3,UKJ
UKJ42,UKJ4,UKJ
UKXXX,UKXX,UKX
UKG38,UKG3,UKG
UKG39,UKG3,UKG
